-- MySQL dump 10.15  Distrib 10.0.19-MariaDB, for osx10.10 (x86_64)
--
-- Host: localhost    Database: selenous
-- ------------------------------------------------------
-- Server version	5.5.43

/*!40101 SET @OLD_CHARACTER_SET_CLIENT=@@CHARACTER_SET_CLIENT */;
/*!40101 SET @OLD_CHARACTER_SET_RESULTS=@@CHARACTER_SET_RESULTS */;
/*!40101 SET @OLD_COLLATION_CONNECTION=@@COLLATION_CONNECTION */;
/*!40101 SET NAMES utf8 */;
/*!40103 SET @OLD_TIME_ZONE=@@TIME_ZONE */;
/*!40103 SET TIME_ZONE='+00:00' */;
/*!40014 SET @OLD_UNIQUE_CHECKS=@@UNIQUE_CHECKS, UNIQUE_CHECKS=0 */;
/*!40014 SET @OLD_FOREIGN_KEY_CHECKS=@@FOREIGN_KEY_CHECKS, FOREIGN_KEY_CHECKS=0 */;
/*!40101 SET @OLD_SQL_MODE=@@SQL_MODE, SQL_MODE='NO_AUTO_VALUE_ON_ZERO' */;
/*!40111 SET @OLD_SQL_NOTES=@@SQL_NOTES, SQL_NOTES=0 */;

--
-- Table structure for table `a_account`
--

DROP TABLE IF EXISTS `a_account`;
/*!40101 SET @saved_cs_client     = @@character_set_client */;
/*!40101 SET character_set_client = utf8 */;
CREATE TABLE `a_account` (
  `account_id` int(11) NOT NULL AUTO_INCREMENT,
  `name` varchar(255) NOT NULL DEFAULT '',
  `note_id` int(11) NOT NULL DEFAULT '0',
  `type` int(11) NOT NULL DEFAULT '0',
  PRIMARY KEY (`account_id`)
) ENGINE=InnoDB DEFAULT CHARSET=latin1;
/*!40101 SET character_set_client = @saved_cs_client */;

--
-- Dumping data for table `a_account`
--

LOCK TABLES `a_account` WRITE;
/*!40000 ALTER TABLE `a_account` DISABLE KEYS */;
/*!40000 ALTER TABLE `a_account` ENABLE KEYS */;
UNLOCK TABLES;

--
-- Table structure for table `a_action_trigger`
--

DROP TABLE IF EXISTS `a_action_trigger`;
/*!40101 SET @saved_cs_client     = @@character_set_client */;
/*!40101 SET character_set_client = utf8 */;
CREATE TABLE `a_action_trigger` (
  `action_trigger_id` int(11) NOT NULL AUTO_INCREMENT,
  `name` varchar(255) NOT NULL DEFAULT '',
  `function_name` varchar(255) NOT NULL DEFAULT '',
  `created` timestamp NOT NULL DEFAULT CURRENT_TIMESTAMP ON UPDATE CURRENT_TIMESTAMP,
  `trigger_date` timestamp NOT NULL DEFAULT '0000-00-00 00:00:00',
  PRIMARY KEY (`action_trigger_id`)
) ENGINE=InnoDB DEFAULT CHARSET=latin1;
/*!40101 SET character_set_client = @saved_cs_client */;

--
-- Dumping data for table `a_action_trigger`
--

LOCK TABLES `a_action_trigger` WRITE;
/*!40000 ALTER TABLE `a_action_trigger` DISABLE KEYS */;
/*!40000 ALTER TABLE `a_action_trigger` ENABLE KEYS */;
UNLOCK TABLES;

--
-- Table structure for table `a_address`
--

DROP TABLE IF EXISTS `a_address`;
/*!40101 SET @saved_cs_client     = @@character_set_client */;
/*!40101 SET character_set_client = utf8 */;
CREATE TABLE `a_address` (
  `address_id` int(11) NOT NULL AUTO_INCREMENT,
  `address` varchar(255) NOT NULL DEFAULT '',
  `city` varchar(255) NOT NULL DEFAULT '',
  `state` varchar(255) NOT NULL DEFAULT '',
  `country` varchar(255) NOT NULL DEFAULT '',
  `zip` varchar(255) NOT NULL DEFAULT '',
  `demo` int(11) unsigned NOT NULL DEFAULT '0',
  `active` int(11) unsigned NOT NULL DEFAULT '1',
  `created` timestamp NOT NULL DEFAULT CURRENT_TIMESTAMP,
  `company_id` int(11) DEFAULT NULL,
  `user_id` int(11) DEFAULT NULL,
  PRIMARY KEY (`address_id`),
  UNIQUE KEY `user_id` (`user_id`),
  UNIQUE KEY `company_id` (`company_id`)
) ENGINE=InnoDB AUTO_INCREMENT=25 DEFAULT CHARSET=utf8;
/*!40101 SET character_set_client = @saved_cs_client */;

--
-- Dumping data for table `a_address`
--

LOCK TABLES `a_address` WRITE;
/*!40000 ALTER TABLE `a_address` DISABLE KEYS */;
INSERT INTO `a_address` VALUES (1,'','','','','001',0,1,'2015-06-24 02:43:03',1,NULL),(2,'','','','','33333',0,1,'2015-06-24 18:25:37',2,NULL),(3,'','','','','23333',0,1,'2015-06-24 18:28:40',3,NULL),(10,'','','','','',0,1,'2015-06-25 19:02:17',NULL,3),(11,'','','','','12321',0,1,'2015-06-30 19:46:43',4,NULL),(12,'','','','','12323',0,1,'2015-06-30 20:08:02',5,NULL),(13,'','','','','',0,1,'2015-07-01 18:58:11',NULL,1),(15,'','','','','33333',0,1,'2015-07-02 02:53:10',10,NULL),(16,'','','','','33333',0,1,'2015-07-02 03:11:59',11,NULL),(17,'','','','','33333',0,1,'2015-07-02 22:15:17',37,NULL),(18,'','','','','33333',0,1,'2015-07-02 22:27:33',38,NULL),(19,'','','','','33333',0,1,'2015-07-02 22:28:14',39,NULL),(20,'','','','','T',0,1,'2015-07-02 22:29:30',40,NULL),(21,'','','','','33333',0,1,'2015-07-06 17:26:32',106,NULL),(22,'','','','','33333',0,1,'2015-07-06 19:35:29',107,NULL),(23,'','','','','33333',0,1,'2015-07-06 19:37:26',108,NULL),(24,'','','','','33333',0,1,'2015-07-07 22:15:21',125,NULL);
/*!40000 ALTER TABLE `a_address` ENABLE KEYS */;
UNLOCK TABLES;

--
-- Table structure for table `a_company`
--

DROP TABLE IF EXISTS `a_company`;
/*!40101 SET @saved_cs_client     = @@character_set_client */;
/*!40101 SET character_set_client = utf8 */;
CREATE TABLE `a_company` (
  `company_id` int(11) NOT NULL AUTO_INCREMENT,
  `name` varchar(255) NOT NULL DEFAULT '',
  `email` varchar(255) NOT NULL DEFAULT '',
  `phone` varchar(255) NOT NULL DEFAULT '',
  `address_id` varchar(255) NOT NULL DEFAULT '',
  `round_id` int(11) NOT NULL DEFAULT '0',
  `url` varchar(255) NOT NULL DEFAULT '',
  `formation` varchar(255) NOT NULL DEFAULT 'Undecided',
  `round` varchar(255) NOT NULL DEFAULT 'Concept/Idea',
  `ein` varchar(255) NOT NULL DEFAULT '',
  `created` timestamp NOT NULL DEFAULT CURRENT_TIMESTAMP,
  `pre_money_value` int(11) NOT NULL DEFAULT '0',
  `post_money_value` int(11) NOT NULL DEFAULT '0',
  `common_issued` int(11) NOT NULL DEFAULT '0',
  `common_outstanding` int(11) NOT NULL DEFAULT '0',
  `common_authorized` int(11) NOT NULL DEFAULT '0',
  `preferred_authorized` int(11) NOT NULL DEFAULT '0',
  `preferred_issued` int(11) NOT NULL DEFAULT '0',
  `options_on_common` int(11) NOT NULL DEFAULT '0',
  `warrants_on_common` int(11) NOT NULL DEFAULT '0',
  `common_treasury` int(11) NOT NULL DEFAULT '0',
  `common_par` float(11,5) NOT NULL DEFAULT '0.00000',
  `preferred_par` float(11,5) NOT NULL DEFAULT '0.00000',
  `company_value` double(10,2) NOT NULL DEFAULT '0.00',
  `option_pool` int(11) NOT NULL DEFAULT '0',
  `common_strike` double(10,2) NOT NULL DEFAULT '0.00',
  `hybrid_preferred` int(11) NOT NULL DEFAULT '0',
  `participating_outstanding` int(11) NOT NULL DEFAULT '0',
  `nonparticipating_outstanding` int(11) NOT NULL DEFAULT '0',
  `hybrid_outstanding` int(11) NOT NULL DEFAULT '0',
  `convertable_note_outstanding` int(11) NOT NULL DEFAULT '0',
  `bond_outstanding` int(11) NOT NULL DEFAULT '0',
  `demo` int(11) NOT NULL DEFAULT '0',
  `active` int(11) NOT NULL DEFAULT '1',
  `reg_a_status` int(11) NOT NULL DEFAULT '0',
  `live` int(11) NOT NULL DEFAULT '1',
  `employees_sought_amt` int(11) NOT NULL DEFAULT '0',
  `employee_amt` int(11) NOT NULL DEFAULT '0',
  `year_incorporated` int(11) NOT NULL DEFAULT '0',
  `industry` varchar(255) NOT NULL DEFAULT '',
  `sec_contact` varchar(255) NOT NULL DEFAULT '',
  `sec_contact_address_id` int(11) DEFAULT NULL,
  `tier` int(11) NOT NULL DEFAULT '1',
  `securities_offered` text NOT NULL,
  `total_offered` int(11) NOT NULL DEFAULT '0',
  `total_sold` int(11) NOT NULL DEFAULT '0',
  `total_remaining` int(11) NOT NULL DEFAULT '0',
  `form_d` text NOT NULL,
  `minimum_investment` int(11) NOT NULL DEFAULT '0',
  `cik` varchar(255) NOT NULL DEFAULT '',
  `revenue_range` varchar(255) NOT NULL DEFAULT '',
  `first_sale` timestamp NOT NULL DEFAULT '0000-00-00 00:00:00',
  `investor_count` int(11) NOT NULL DEFAULT '0',
  `proceeds_used` int(11) NOT NULL DEFAULT '0',
  PRIMARY KEY (`company_id`)
) ENGINE=InnoDB AUTO_INCREMENT=344 DEFAULT CHARSET=utf8;
/*!40101 SET character_set_client = @saved_cs_client */;

--
-- Dumping data for table `a_company`
--

LOCK TABLES `a_company` WRITE;
/*!40000 ALTER TABLE `a_company` DISABLE KEYS */;
INSERT INTO `a_company` VALUES (1,'Anhanna Corporation','','','',0,'','Undecided','Concept/Idea','','2015-06-24 19:55:02',3000000,0,10000000,0,20000000,0,0,0,0,0,0.00012,0.00000,0.00,0,0.00,0,0,0,0,0,0,0,1,0,1,0,0,0,'','',NULL,1,'',0,0,0,'',0,'','','0000-00-00 00:00:00',0,0),(2,'Seequity Inc','','','',0,'','Undecided','Concept/Idea','','2015-06-25 18:41:11',1000,0,0,0,1000,0,0,0,0,0,0.00150,0.00000,0.00,0,0.00,0,0,0,0,0,0,0,1,0,1,0,0,0,'','',NULL,1,'',0,0,0,'',0,'','','0000-00-00 00:00:00',0,0),(3,'Zen Fielder Inc','','','',0,'','Undecided','Concept/Idea','','2015-06-25 19:01:39',0,0,0,0,0,0,0,0,0,0,0.00000,0.00000,0.00,0,0.00,0,0,0,0,0,0,0,1,0,1,0,0,0,'','',NULL,1,'',0,0,0,'',0,'','','0000-00-00 00:00:00',0,0),(4,'Market Trip','','','',0,'','Undecided','Concept/Idea','','2015-06-30 19:46:41',0,0,0,0,0,0,0,0,0,0,0.00000,0.00000,0.00,0,0.00,0,0,0,0,0,0,0,1,0,1,0,0,0,'','',NULL,1,'',0,0,0,'',0,'','','0000-00-00 00:00:00',0,0),(5,'StudyPool','','','',0,'','Undecided','Concept/Idea','','2015-06-30 20:08:02',0,0,0,0,0,0,0,0,0,0,0.00000,0.00000,0.00,0,0.00,0,0,0,0,0,0,0,1,0,1,0,0,0,'','',NULL,1,'',0,0,0,'',0,'','','0000-00-00 00:00:00',0,0),(6,'t','email','','',0,'','del','Concept/Idea','23432','2015-07-01 20:12:12',0,0,0,0,0,0,0,0,0,0,0.00000,0.00000,0.00,0,0.00,0,0,0,0,0,0,0,1,0,1,0,0,20145,'tech','mike',NULL,1,'',0,0,0,'',0,'','','0000-00-00 00:00:00',0,0),(7,'Test Guy','asdfasf','','',0,'','Delaware','Concept/Idea','2323423','2015-07-01 20:20:43',0,0,0,0,0,0,0,0,0,0,0.00000,0.00000,0.00,0,0.00,0,0,0,0,0,0,0,1,0,1,0,0,2015,'Technology','Jon Toews',NULL,1,'',0,0,0,'',0,'','','0000-00-00 00:00:00',0,0),(8,'Financial Spectrum','sdf2','','',0,'','Delaware','Concept/Idea','3234--343','2015-07-01 22:24:07',2000000,0,0,0,0,0,0,0,0,0,0.00000,0.00000,0.00,0,0.00,0,0,0,0,0,0,0,1,0,1,0,0,2015,'Technology','Run',NULL,1,'',0,0,0,'',0,'','','0000-00-00 00:00:00',0,0),(9,'Shark Tank','jtoews32@gmail.com','','',0,'','Delaware','Concept/Idea','3234--333','2015-07-02 01:14:50',0,0,0,0,0,0,0,0,0,0,0.00000,0.00000,0.00,0,0.00,0,0,0,0,0,0,0,1,0,1,0,0,2015,'Technology','Marvin Lee',NULL,2,'',0,0,0,'',0,'','','0000-00-00 00:00:00',0,0),(10,'Waldern Corporation','','','',0,'','Undecided','Concept/Idea','','2015-07-02 02:53:10',0,0,0,0,0,0,0,0,0,0,0.00000,0.00000,0.00,0,0.00,0,0,0,0,0,0,0,1,0,1,0,0,0,'','',NULL,1,'',0,0,0,'',0,'','','0000-00-00 00:00:00',0,0),(11,'Rapture Interactive','','','',0,'','Undecided','Concept/Idea','','2015-07-02 03:11:59',0,0,0,0,0,0,0,0,0,0,0.00000,0.00000,0.00,0,0.00,0,0,0,0,0,0,0,1,0,1,0,0,0,'','',NULL,1,'',0,0,0,'',0,'','','0000-00-00 00:00:00',0,0),(12,'Tractable Inc.','Equity 1,899,996 1,824,883 75,113','44 7794 033 992','',0,'http://tractable.io/','DELAWARE','Concept/Idea','CIK: 0001646433','2015-07-02 17:01:10',0,0,0,0,0,0,0,0,0,0,0.00000,0.00000,0.00,0,0.00,0,0,0,0,0,0,0,1,0,1,0,0,0,'Other Technology','Alexandre Dalyac',NULL,0,'',1899996,1824883,75113,'',0,'0001646433','Decline to Disclose','2015-06-17 07:00:00',10,0),(13,'Health eFilings, LLC','\"Debt\", \"Option, Warrant or Other Right to Acquire Another Security\", \"Security to be Acquired Upon Exercise of Option, Warrant or Other Right to Acquire Security\",  1,500,000 934,500 565,500','(608) 841-1380','',0,' http://www.healthefilings.com/','WISCONSIN','Concept/Idea','CIK: 0001646471','2015-07-02 17:09:36',0,0,0,0,0,0,0,0,0,0,0.00000,0.00000,0.00,0,0.00,0,0,0,0,0,0,0,1,0,1,0,0,0,'Other Technology','Robert M. Hopton',NULL,1,'',1500000,934500,565500,'',0,'0001646471','Decline to Disclose','2015-06-11 07:00:00',10,0),(15,'Antenna79, Inc.','','703-727-2983','',0,'http://antenna79.com/','DELAWARE','Concept/Idea','CIK: 0001540249','2015-07-02 17:58:51',0,0,0,0,0,0,0,0,0,0,0.00000,0.00000,0.00,0,0.00,0,0,0,0,0,0,0,1,0,1,0,0,0,'Other Technology','Kevin L. Passarello',NULL,1,'Debt',1883950,1500000,383950,'',1000,'0001540249','Decline to Disclose','2015-06-15 07:00:00',1,0),(16,'PEARL Unlimited Holdings, Inc.','','866-994-1354','',0,'http://www.uniquesquared.com/','DELAWARE','Concept/Idea','CIK: 0001551743','2015-07-02 18:03:40',0,0,0,0,0,0,0,0,0,0,0.00000,0.00000,0.00,0,0.00,0,0,0,0,0,0,0,1,0,1,0,0,0,'Other','Jason Rubottom',NULL,1,'Equity',6367008,6367008,0,'',0,'0001551743','Decline to Disclose','2015-06-26 07:00:00',8,0),(17,'Drafted, Inc.','','617-982-3163','',0,'https://www.drafted.us/','DELAWARE','Concept/Idea','CIK: 0001642291','2015-07-02 18:18:49',0,0,0,0,0,0,0,0,0,0,0.00000,0.00000,0.00,0,0.00,0,0,0,0,0,0,0,1,0,1,0,0,0,'Other Technology','Vinayak Ranade',NULL,1,'Agreement for Future Equity',2000000,1775000,225000,'',0,'0001642291','Decline to Disclose','2015-05-28 07:00:00',7,200000),(18,'Netqwerk LLC','','801-725-7148','',0,'http://www.netqwerk.com/','UTAH','Concept/Idea','CIK: 0001646574','2015-07-02 18:30:39',0,0,0,0,0,0,0,0,0,0,0.00000,0.00000,0.00,0,0.00,0,0,0,0,0,0,0,1,0,1,0,0,0,'Other Technology','Stephen Anderson',NULL,1,'Equity',350000,200000,150000,'',25000,'0001646574','$1 - $1,000,000','2015-06-23 07:00:00',2,70000),(19,'TapHunter, Inc.','','619-894-0384','',0,'http://www.taphunter.com/','CALIFORNIA','Concept/Idea','CIK: 0001646622','2015-07-02 18:37:37',0,0,0,0,0,0,0,0,0,0,0.00000,0.00000,0.00,0,0.00,0,0,0,0,0,0,0,1,0,1,0,0,0,'Other Technology','Melani Gordon',NULL,1,'Equity',882495,882495,0,'',0,'0001646622','Decline to Disclose','2015-06-15 07:00:00',27,0),(20,'Palidian Inc','','(805) 794-9591','',0,'https://foxtrot.io/','DELAWARE','Concept/Idea','CIK: 0001627078','2015-07-02 18:41:44',0,0,0,0,0,0,0,0,0,0,0.00000,0.00000,0.00,0,0.00,0,0,0,0,0,0,0,1,0,1,0,0,0,'Other Technology','Douglas D. Coughran IV',NULL,1,'Debt, \"Option, Warrant or Other Right to Acquire Another Security\"',1000000,150000,850000,'',0,'0001627078','Decline to Disclose','2015-06-12 07:00:00',2,80000),(21,'BlueConic Holding, Inc.','','8884402583','',0,'https://www.blueconic.com','DELAWARE','Concept/Idea','CIK: 0001599421','2015-07-02 18:52:25',0,0,0,0,0,0,0,0,0,0,0.00000,0.00000,0.00,0,0.00,0,0,0,0,0,0,0,1,0,1,0,0,0,'Other Technology','Bart Heilbron',NULL,1,'Equity',4905947,4878583,27364,'',0,'0001599421','Decline to Disclose','2014-01-29 08:00:00',11,0),(22,'PROPEL GPS, LLC','','703-472-4707','',0,'http://propelgps.com/','VIRGINIA','Concept/Idea','CIK: 0001563466','2015-07-02 18:56:29',0,0,0,0,0,0,0,0,0,0,0.00000,0.00000,0.00,0,0.00,0,0,0,0,0,0,0,1,0,1,0,0,0,'Other Technology','Richard L. Burtner',NULL,1,'Equity, \"Option, Warrant or Other Right to Acquire Another Security\",\"Security to be Acquired Upon Exercise of Option, Warrant or Other Right to Acquire Security\"',1750000,1595251,154749,'',50000,'0001563466','Decline to Disclose','2012-11-15 08:00:00',21,0),(23,'Snap Trends, Inc.','','','',0,'http://snaptrends.com/','DELAWARE','Concept/Idea','https://www.sec.gov/Archives/edgar/data/1554481/000155448115000002/xslFormDX01/primary_doc.xml','2015-07-02 19:21:53',0,0,0,0,0,0,0,0,0,0,0.00000,0.00000,0.00,0,0.00,0,0,0,0,0,0,0,1,0,1,0,0,2012,'Other Technology','Brandon Burris',NULL,1,'Equity',2000000,325005,1674995,'',0,'','','0000-00-00 00:00:00',0,0),(24,'NEXTracker Inc.','','','',0,'http://www.nextracker.com/','DELAWARE','Concept/Idea','https://www.sec.gov/Archives/edgar/data/1597356/000159735615000002/xslFormDX01/primary_doc.xml','2015-07-02 19:25:41',0,0,0,0,0,0,0,0,0,0,0.00000,0.00000,0.00,0,0.00,0,0,0,0,0,0,0,1,0,1,0,0,2013,'Other Technology','Daniel Shugar',NULL,1,'Equity, \"Option, Warrant or Other Right to Acquire Another Security\"',15315934,10515968,4799966,'',0,'','','0000-00-00 00:00:00',0,0),(25,'Cognotion, Inc.','','','',0,'http://www.cognotion.com/','DELAWARE','Concept/Idea','https://www.sec.gov/Archives/edgar/data/1625233/000162523315000002/xslFormDX01/primary_doc.xml','2015-07-02 19:28:08',0,0,0,0,0,0,0,0,0,0,0.00000,0.00000,0.00,0,0.00,0,0,0,0,0,0,0,1,0,1,0,0,2013,'Other Technology','Jonathan Dariyanani',NULL,1,'Equity',200000,200000,0,'',0,'','','0000-00-00 00:00:00',0,0),(26,'Crystal Project Inc.','','','',0,'https://www.crystalknows.com/','DELAWARE','Concept/Idea','https://www.sec.gov/Archives/edgar/data/1646592/000164659215000002/xslFormDX01/primary_doc.xml','2015-07-02 19:31:04',0,0,0,0,0,0,0,0,0,0,0.00000,0.00000,0.00,0,0.00,0,0,0,0,0,0,0,1,0,1,0,0,2015,'Other Technology','Andrew D\'Agostino',NULL,1,'Security to be Acquired Upon Exercise of Option, Warrant or Other Right to Acquire Security',145000,145000,0,'',0,'','','0000-00-00 00:00:00',0,0),(27,'WhatFriendsDo, LLC','','317-519-9324','',0,'http://www.whatfriendsdo.com/','INDIANA','Concept/Idea','','2015-07-02 19:38:25',0,0,0,0,0,0,0,0,0,0,0.00000,0.00000,0.00,0,0.00,0,0,0,0,0,0,0,1,0,1,0,0,0,'Other Technology','Aimee L. Kandrac',NULL,1,'Equity',500000,500000,0,'https://www.sec.gov/Archives/edgar/data/1646522/000114036115026366/xslFormDX01/primary_doc.xml',5000,'0001646522','Decline to Disclose','2015-06-26 07:00:00',13,50000),(28,'Ditto Labs, Inc.','','617-216-4402','',0,'http://ditto.us.com/','DELAWARE','Concept/Idea','','2015-07-02 19:40:58',0,0,0,0,0,0,0,0,0,0,0.00000,0.00000,0.00,0,0.00,0,0,0,0,0,0,0,1,0,1,0,0,0,'Other Technology','David Rose',NULL,1,'Equity, \"Option, Warrant or Other Right to Acquire Another Security\"',4000001,2379742,1620259,'https://www.sec.gov/Archives/edgar/data/1557989/000155798915000002/xslFormDX01/primary_doc.xml',0,'0001557989','Decline to Disclose','2015-02-19 08:00:00',33,120000),(29,'FREESTYLE SOFTWARE, INC.','','650-493-5600','',0,'http://www.freestylesolutions.com/','DELAWARE','Concept/Idea','','2015-07-02 19:47:55',0,0,0,0,0,0,0,0,0,0,0.00000,0.00000,0.00,0,0.00,0,0,0,0,0,0,0,1,0,1,0,0,0,'Other Technology','Mark Tanoury',NULL,1,'Equity',4975000,4975000,0,'https://www.sec.gov/Archives/edgar/data/1646986/000164698615000001/xslFormDX01/primary_doc.xml',0,'0001646986','Decline to Disclose','2015-04-28 07:00:00',31,0),(30,'6fusion USA, Inc.','','971-706-4777','',0,'http://www.6fusion.com/','DELAWARE','Concept/Idea','','2015-07-02 20:37:36',0,0,0,0,0,0,0,0,0,0,0.00000,0.00000,0.00,0,0.00,0,0,0,0,0,0,0,1,0,1,0,0,0,'Other Technology','John D. Cowan',NULL,1,'Equity',10918865,10918865,0,'https://www.sec.gov/Archives/edgar/data/1499612/000149961215000004/xslFormDX01/primary_doc.xml',0,'0001499612','Decline to Disclose','2015-04-13 07:00:00',2,0),(31,'Peri Inc.','','949-378-4680','',0,'http://www.myperi.com/','DELAWARE','Concept/Idea','','2015-07-02 20:46:46',0,0,0,0,0,0,0,0,0,0,0.00000,0.00000,0.00,0,0.00,0,0,0,0,0,0,0,1,0,1,0,0,0,'Other Technology','Michael Hsu',NULL,1,'Equity',2077000,1200043,876957,'https://www.sec.gov/Archives/edgar/data/1630387/000163038715000003/xslFormDX01/primary_doc.xml',1,'0001630387','Decline to Disclose','2015-06-22 07:00:00',1,0),(32,'OmniM2M, LLC','','425-279-7997','',0,'http://omnim2m.com/','WASHINGTON','Concept/Idea','','2015-07-02 20:49:16',0,0,0,0,0,0,0,0,0,0,0.00000,0.00000,0.00,0,0.00,0,0,0,0,0,0,0,1,0,1,0,0,0,'Other Technology','Kevin J. Grande',NULL,1,'Equity',1000000,325000,675000,'https://www.sec.gov/Archives/edgar/data/1638731/000163873115000005/xslFormDX01/primary_doc.xml',25000,'0001638731','Decline to Disclose','2015-06-17 07:00:00',7,0),(33,'Lantos Technologies, Inc.','','781-443-7633','',0,'http://www.lantostechnologies.com/','DELAWARE','Concept/Idea','','2015-07-02 20:51:46',0,0,0,0,0,0,0,0,0,0,0.00000,0.00000,0.00,0,0.00,0,0,0,0,0,0,0,1,0,1,0,0,0,'Other Technology','Gary St. Pierre',NULL,1,'Debt, \"Option, Warrant or Other Right to Acquire Another Security\", \"Security to be Acquired Upon Exercise of Option, Warrant or Other Right to Acquire Security\"',5000000,1468840,3531160,'https://www.sec.gov/Archives/edgar/data/1500664/000150066415000001/xslFormDX01/primary_doc.xml',0,'0001500664','Decline to Disclose','2015-06-24 07:00:00',9,0),(34,'LiquidSky Software Inc.','','914-589-6917','',0,'https://www.liquidsky.tv/','DELAWARE','Concept/Idea','','2015-07-02 20:53:36',0,0,0,0,0,0,0,0,0,0,0.00000,0.00000,0.00,0,0.00,0,0,0,0,0,0,0,1,0,1,0,0,0,'Other Technology','Scott C. Johnston',NULL,1,'Equity',1500000,1329500,170500,'https://www.sec.gov/Archives/edgar/data/1621843/000162184315000001/xslFormDX01/primary_doc.xml',0,'0001621843','Decline to Disclose','2015-06-22 07:00:00',29,0),(35,'TruLogix, LLC','','724-993-4305','',0,'http://trulogixllc.com/','PENNSYLVANIA','Concept/Idea','','2015-07-02 21:59:24',0,0,0,0,0,0,0,0,0,0,0.00000,0.00000,0.00,0,0.00,0,0,0,0,0,0,0,1,0,1,0,0,0,'Other Technology','Michael Trapuzanno',NULL,1,'Equity',500000,250000,250000,'https://www.sec.gov/Archives/edgar/data/1646926/000164692615000001/xslFormDX01/primary_doc.xml',0,'0001646926','Decline to Disclose','2015-06-16 07:00:00',1,0),(36,'exacly inc.','','(844) 392-2596','',0,'http://www.exacly.me/','DELAWARE','Concept/Idea','','2015-07-02 22:02:20',0,0,0,0,0,0,0,0,0,0,0.00000,0.00000,0.00,0,0.00,0,0,0,0,0,0,0,1,0,1,0,0,0,'Other Technology','Rajeev Thakur',NULL,1,'Equity, Debt, \"Option, Warrant or Other Right to Acquire Another Security\"',1150000,550000,600000,'https://www.sec.gov/Archives/edgar/data/1613904/000161390415000002/xslFormDX01/primary_doc.xml',0,'0001613904','Decline to Disclose','2015-04-01 07:00:00',2,0),(37,'Market Cap','','','',0,'','Undecided','Concept/Idea','','2015-07-02 22:15:17',0,0,0,0,0,0,0,0,0,0,0.00000,0.00000,0.00,0,0.00,0,0,0,0,0,0,0,1,0,1,0,0,0,'','',NULL,1,'',0,0,0,'',0,'','','0000-00-00 00:00:00',0,0),(38,'Wlater Inc C','','','',0,'','Undecided','Concept/Idea','','2015-07-02 22:27:33',0,0,0,0,0,0,0,0,0,0,0.00000,0.00000,0.00,0,0.00,0,0,0,0,0,0,0,1,0,1,0,0,0,'','',NULL,1,'',0,0,0,'',0,'','','0000-00-00 00:00:00',0,0),(39,'Market Cap','','','',0,'','Undecided','Concept/Idea','','2015-07-02 22:28:08',0,0,0,0,0,0,0,0,0,0,0.00000,0.00000,0.00,0,0.00,0,0,0,0,0,0,0,1,0,1,0,0,0,'','',NULL,1,'',0,0,0,'',0,'','','0000-00-00 00:00:00',0,0),(40,'Test','','','',0,'','Undecided','Concept/Idea','','2015-07-02 22:29:30',0,0,0,0,0,0,0,0,0,0,0.00000,0.00000,0.00,0,0.00,0,0,0,0,0,0,0,1,0,1,0,0,0,'','',NULL,1,'',0,0,0,'',0,'','','0000-00-00 00:00:00',0,0),(41,'Zya, Inc.','','818-222-6695','',0,'http://www.zyamusic.com/','DELAWARE','Concept/Idea','','2015-07-03 00:20:26',0,0,0,0,0,0,0,0,0,0,0.00000,0.00000,0.00,0,0.00,0,0,0,0,0,0,0,1,0,1,0,0,0,'Other Technology','Matt Serletic',NULL,1,'Equity',6000000,837378,5162622,'https://www.sec.gov/Archives/edgar/data/1470007/000095013815000429/xslFormDX01/primary_doc.xml',0,'0001470007','Decline to Disclose','2015-06-16 07:00:00',4,0),(42,'GiveChat, LLC','','6019275536','',0,'http://www.givechat.com/','DELAWARE','Concept/Idea','','2015-07-03 00:26:48',0,0,0,0,0,0,0,0,0,0,0.00000,0.00000,0.00,0,0.00,0,0,0,0,0,0,0,1,0,1,0,0,0,'Other Technology','David Ash',NULL,1,'Equity',2000000,475000,1525000,'https://www.sec.gov/Archives/edgar/data/1646399/000164639915000003/xslFormDX01/primary_doc.xml',50000,'0001646399','Not Applicable','2014-06-13 07:00:00',7,37500),(43,'Shapeways, Inc.','','000-000-0000','',0,'http://www.shapeways.com/','DELAWARE','Concept/Idea','','2015-07-03 00:29:31',0,0,0,0,0,0,0,0,0,0,0.00000,0.00000,0.00,0,0.00,0,0,0,0,0,0,0,1,0,1,0,0,0,'Other Technology','Peter Weijmarshausen',NULL,2,'Equity',34500010,30500008,4000002,'https://www.sec.gov/Archives/edgar/data/1532573/000153257315000001/xslFormDX01/primary_doc.xml',0,'0001532573','Decline to Disclose','2015-06-12 07:00:00',11,0),(44,'ScriptHop LLC','','971-344-6277','',0,'?','OREGON','Concept/Idea','','2015-07-03 00:32:10',0,0,0,0,0,0,0,0,0,0,0.00000,0.00000,0.00,0,0.00,0,0,0,0,0,0,0,1,0,1,0,0,0,'Other Technology','Patrick De Klotz, by power of attorney',NULL,1,'Equity, Debt',750000,25000,725000,'https://www.sec.gov/Archives/edgar/data/1646278/000164627815000001/xslFormDX01/primary_doc.xml',25000,'0001646278','No Revenues','2015-06-22 07:00:00',1,0),(45,'Electronifie Inc.','','646-517-6540','',0,'http://www.electronifie.com/','DELAWARE','Concept/Idea','','2015-07-03 00:57:39',0,0,0,0,0,0,0,0,0,0,0.00000,0.00000,0.00,0,0.00,0,0,0,0,0,0,0,1,0,1,0,0,0,'Other Technology','Amar Kuchinad',NULL,1,'Equity, \"Option, Warrant or Other Right to Acquire Another Security\",\"Security to be Acquired Upon Exercise of Option, Warrant or Other Right to Acquire Security\"',6000000,5743000,257000,'https://www.sec.gov/Archives/edgar/data/1608734/000123191915000015/xslFormDX01/primary_doc.xml',0,'0001608734','Decline to Disclose','2015-03-06 08:00:00',28,0),(46,'NerdWallet, Inc.','','415-749-8913','',0,'http://www.nerdwallet.com/','DELAWARE','Concept/Idea','','2015-07-04 17:17:12',0,0,0,0,0,0,0,0,0,0,0.00000,0.00000,0.00,0,0.00,0,0,0,0,0,0,0,1,0,1,0,0,0,'Other Technology','Tim Chen',NULL,2,'Equity',63538300,63009982,528318,'https://www.sec.gov/Archives/edgar/data/1625278/000114036115026009/xslFormDX01/primary_doc.xml',0,'0001625278','Decline to Disclose','2015-01-30 08:00:00',36,0),(47,'M80 LABS, INC.','','617.953.0381','',0,'http://www.m80labs.com/','DELAWARE','Concept/Idea','','2015-07-04 17:22:57',0,0,0,0,0,0,0,0,0,0,0.00000,0.00000,0.00,0,0.00,0,0,0,0,0,0,0,1,0,1,0,0,0,'Other','Jonah Lopin',NULL,1,'Debt, \"Option, Warrant or Other Right to Acquire Another Security\", \"Security to be Acquired Upon Exercise of Option, Warrant or Other Right to Acquire Security\"',1486503,1486503,0,'https://www.sec.gov/Archives/edgar/data/1642496/000164249615000002/xslFormDX01/primary_doc.xml',5000,'0001642496','Decline to Disclose','2015-01-15 08:00:00',36,0),(48,'Olapic, Inc.','','000-000-0000','',0,'https://www.olapic.com/','DELAWARE','Concept/Idea','','2015-07-04 17:25:36',0,0,0,0,0,0,0,0,0,0,0.00000,0.00000,0.00,0,0.00,0,0,0,0,0,0,0,1,0,1,0,0,0,'Other Technology','Pau Sabria',NULL,1,'Equity',15000000,15000000,0,'https://www.sec.gov/Archives/edgar/data/1543410/000154341015000001/xslFormDX01/primary_doc.xml',0,'0001543410','Decline to Disclose','2015-06-16 07:00:00',9,0),(49,'MoBeam, Inc.','','415-813-5070','',0,'https://www.mobeam.com/','DELAWARE','Concept/Idea','','2015-07-04 17:28:59',0,0,0,0,0,0,0,0,0,0,0.00000,0.00000,0.00,0,0.00,0,0,0,0,0,0,0,1,0,1,0,0,0,'Other Technology','Marcia Donner',NULL,1,'Equity',6000005,1000001,5000004,'https://www.sec.gov/Archives/edgar/data/1490510/000149051015000002/xslFormDX01/primary_doc.xml',0,'0001490510','Decline to Disclose','2015-06-16 07:00:00',1,0),(50,'Tremus, Inc.','','212-730-8133','',0,'https://www.selfscore.com/','DELAWARE','Concept/Idea','','2015-07-04 17:36:15',0,0,0,0,0,0,0,0,0,0,0.00000,0.00000,0.00,0,0.00,0,0,0,0,0,0,0,1,0,1,0,0,0,'Other Technology','Kalpesh Kapadia',NULL,1,'Equity ',7539080,7325330,213750,'https://www.sec.gov/Archives/edgar/data/1646519/000164651915000002/xslFormDX01/primary_doc.xml',0,'0001646519','Decline to Disclose','2015-06-18 07:00:00',33,0),(51,'Prevedere, Inc.','','614-408-9071','',0,'https://www.prevederesoftware.com/','DELAWARE','Concept/Idea','','2015-07-04 17:40:29',0,0,0,0,0,0,0,0,0,0,0.00000,0.00000,0.00,0,0.00,0,0,0,0,0,0,0,1,0,1,0,0,0,'Other Technology','David R. Gillespie',NULL,1,'Equity',6976530,6976530,0,'https://www.sec.gov/Archives/edgar/data/1646029/000164602915000001/xslFormDX01/primary_doc.xml',4027,'0001646029','Decline to Disclose','2015-06-17 07:00:00',21,100000),(52,'Akumina Inc.','','603-943-7109','',0,'http://www.akumina.com/','DELAWARE','Concept/Idea','','2015-07-04 17:48:34',0,0,0,0,0,0,0,0,0,0,0.00000,0.00000,0.00,0,0.00,0,0,0,0,0,0,0,1,0,1,0,0,0,'Other Technology','Steven Sherkanowski',NULL,1,'Debt, \"Option, Warrant or Other Right to Acquire Another Security\"',1500000,790000,710000,'https://www.sec.gov/Archives/edgar/data/1611418/000161141815000002/xslFormDX01/primary_doc.xml',10000,'0001611418','Decline to Disclose','2015-05-01 07:00:00',8,0),(53,'UNDELAY INC.','','866-288-0312','',0,'http://undelay.io/','DELAWARE','Concept/Idea','','2015-07-04 17:57:28',0,0,0,0,0,0,0,0,0,0,0.00000,0.00000,0.00,0,0.00,0,0,0,0,0,0,0,1,0,1,0,0,0,'Other Technology','Peter Nelson',NULL,1,'Option, Warrant or Other Right to Acquire Another Security',1000000,100000,900000,'https://www.sec.gov/Archives/edgar/data/1646422/000164642215000002/xslFormDX01/primary_doc.xml',100000,'0001646422','Decline to Disclose','2015-06-16 07:00:00',1,0),(54,'Supramed, Inc.','','855-478-7726','',0,'http://www.supramed.com/','DELAWARE','Concept/Idea','','2015-07-04 18:00:22',0,0,0,0,0,0,0,0,0,0,0.00000,0.00000,0.00,0,0.00,0,0,0,0,0,0,0,1,0,1,0,0,0,'Other Technology','Robert Nascenzi',NULL,1,'Debt, \"Security to be Acquired Upon Exercise of Option, Warrant or Other Right to Acquire Security\"',1000000,297500,702500,'https://www.sec.gov/Archives/edgar/data/1586198/000158619815000004/xslFormDX01/primary_doc.xml',1,'0001586198','Decline to Disclose','2014-12-16 08:00:00',8,25000),(66,'Hotpathz, Inc.','','(802) 735-2007','',0,'','VERMONT','Concept/Idea','','2015-07-05 00:15:02',0,0,0,0,0,0,0,0,0,0,0.00000,0.00000,0.00,0,0.00,0,0,0,0,0,0,0,1,0,1,0,0,0,'Other Technology','Thomas Jay Monahan',NULL,1,'',149998,149998,0,'',0,'0001646429','No Revenues','2015-06-29 07:00:00',1,12500),(67,'Namely, Inc.','','(000) 000-0000','',0,'http://www.namely.com/ ','DELAWARE','Concept/Idea','','2015-07-05 00:42:24',0,0,0,0,0,0,0,0,0,0,0.00000,0.00000,0.00,0,0.00,0,0,0,0,0,0,0,1,0,1,0,0,0,'Other Technology','Matthew Straznitskas',NULL,1,'',45000000,45000000,0,'',0,'0001539122','Decline to Disclose','2015-06-15 07:00:00',8,0),(68,'BUCKiTDREAM, Inc.','','310-431-6755','',0,'http://www.buckitdream.com/ ','WASHINGTON','Concept/Idea','','2015-07-05 00:42:24',0,0,0,0,0,0,0,0,0,0,0.00000,0.00000,0.00,0,0.00,0,0,0,0,0,0,0,1,0,1,0,0,0,'Other Technology','Erik Fernandez',NULL,1,'',5000000,2561817,2438183,'',100000,'0001561572','No Revenues','2014-07-31 07:00:00',46,24000),(69,'Cryptzone Worldwide, Inc.','','603-578-1870','',0,'https://www.cryptzone.com/ ','DELAWARE','Concept/Idea','','2015-07-05 00:42:26',0,0,0,0,0,0,0,0,0,0,0.00000,0.00000,0.00,0,0.00,0,0,0,0,0,0,0,1,0,1,0,0,0,'Computers','Kurt Mueffelmann',NULL,1,'',15000000,15000000,0,'',0,'0001645189','Decline to Disclose','2015-06-16 07:00:00',2,0),(70,'Fanbread, Inc.','','310-773-7877','',0,'http://fanbread.com/ ','DELAWARE','Concept/Idea','','2015-07-05 00:42:27',0,0,0,0,0,0,0,0,0,0,0.00000,0.00000,0.00,0,0.00,0,0,0,0,0,0,0,1,0,1,0,0,0,'Other Technology','Karl House',NULL,1,'',2843079,1893006,950073,'',1,'0001646660','Decline to Disclose','2015-06-23 07:00:00',26,0),(71,'SourcePoint Technologies, Inc.','','9173799056','',0,'http://sourcepoint.com/ ','DELAWARE','Concept/Idea','','2015-07-05 00:42:27',0,0,0,0,0,0,0,0,0,0,0.00000,0.00000,0.00,0,0.00,0,0,0,0,0,0,0,1,0,1,0,0,0,'Other Technology','Brian Kane',NULL,1,'',10000000,700000,9300000,'',0,'0001646716','Decline to Disclose','2015-06-12 07:00:00',8,0),(72,'Sonic Blue Aerospace Inc.','','207-331-6682','',0,'','DELAWARE','Concept/Idea','','2015-07-05 00:42:28',0,0,0,0,0,0,0,0,0,0,0.00000,0.00000,0.00,0,0.00,0,0,0,0,0,0,0,1,0,1,0,0,0,'Other Technology','Richard H. Lugg',NULL,1,'',2551255,1243255,1308000,'',100000,'0001451999','Decline to Disclose','2014-07-10 07:00:00',8,450000),(73,'PREPARED RESPONSE, INC','','(206) 223-5544','',0,'http://www.preparedresponse.com/ ','WASHINGTON','Concept/Idea','','2015-07-05 00:42:30',0,0,0,0,0,0,0,0,0,0,0.00000,0.00000,0.00,0,0.00,0,0,0,0,0,0,0,1,0,1,0,0,0,'Other Technology','Tim Ainge',NULL,1,'',600000,0,600000,'',0,'0001165046','Decline to Disclose','2015-06-18 07:00:00',1,0),(74,'Picwell, Inc.','','215-746-2185','',0,'http://www.picwell.com/ ','DELAWARE','Concept/Idea','','2015-07-05 00:42:30',0,0,0,0,0,0,0,0,0,0,0.00000,0.00000,0.00,0,0.00,0,0,0,0,0,0,0,1,0,1,0,0,0,'Other Technology','Thomas Baker',NULL,1,'',4018438,4018438,0,'',75000,'0001646215','$1 - $1,000,000','2015-06-19 07:00:00',7,304602),(75,'Moment Inc.','','(206) 349-0791','',0,'http://momentlens.co/ ','WASHINGTON','Concept/Idea','','2015-07-05 00:42:31',0,0,0,0,0,0,0,0,0,0,0.00000,0.00000,0.00,0,0.00,0,0,0,0,0,0,0,1,0,1,0,0,0,'Other Technology','Daren Nitz',NULL,1,'',1826424,1826424,0,'',353,'0001618860','Decline to Disclose','2015-07-01 07:00:00',17,0),(76,'SeeClickFix, Inc.','','203-752-0777','',0,'http://en.seeclickfix.com/ ','DELAWARE','Concept/Idea','','2015-07-05 00:42:32',0,0,0,0,0,0,0,0,0,0,0.00000,0.00000,0.00,0,0.00,0,0,0,0,0,0,0,1,0,1,0,0,0,'Other Technology','Ben Kerkowitz',NULL,1,'',2500000,1400000,1100000,'',0,'0001469841','Decline to Disclose','2015-06-19 07:00:00',4,0),(77,'Snipp Interactive Inc.','','1-888-997-6477','',0,'http://home.snipp.com/ ','BRITISH COLUMBIA, CANADA','Concept/Idea','','2015-07-05 00:42:33',0,0,0,0,0,0,0,0,0,0,0.00000,0.00000,0.00,0,0.00,0,0,0,0,0,0,0,1,0,1,0,0,0,'Other Technology','Atul Sabharwal',NULL,1,'',8500000,8500000,0,'',0,'0001613092','Decline to Disclose','2015-06-10 07:00:00',31,0),(78,'Keep Truckin, Inc.','','(650) 690-1860','',0,'https://keeptruckin.com/ ','DELAWARE','Concept/Idea','','2015-07-05 00:42:34',0,0,0,0,0,0,0,0,0,0,0.00000,0.00000,0.00,0,0.00,0,0,0,0,0,0,0,1,0,1,0,0,0,'Other Technology','Shoaib Makani',NULL,1,'',8000000,8000000,0,'',0,'0001646681','Decline to Disclose','2015-06-12 07:00:00',12,0),(79,'INTEGRATE.COM, INC.','','866-478-0326','',0,'http://get.integrate.com/ ','DELAWARE','Concept/Idea','','2015-07-05 00:42:35',0,0,0,0,0,0,0,0,0,0,0.00000,0.00000,0.00,0,0.00,0,0,0,0,0,0,0,1,0,1,0,0,0,'Other Technology','DAVID TOMIZUKA',NULL,1,'',4550000,4550000,0,'',0,'0001508709','Decline to Disclose','2014-12-17 08:00:00',6,0),(80,'Unikrn, Inc.','','22433864576','',0,'','DELAWARE','Concept/Idea','','2015-07-05 00:42:35',0,0,0,0,0,0,0,0,0,0,0.00000,0.00000,0.00,0,0.00,0,0,0,0,0,0,0,1,0,1,0,0,0,'Other Technology','Karl Flores',NULL,1,'',7000000,7000000,0,'',0,'0001625681','Decline to Disclose','2015-06-19 07:00:00',7,0),(81,'ADAPTIVE INSIGHTS INC','','650-528-7500','',0,'http://www.adaptiveinsights.com/ ','DELAWARE','Concept/Idea','','2015-07-05 00:42:36',0,0,0,0,0,0,0,0,0,0,0.00000,0.00000,0.00,0,0.00,0,0,0,0,0,0,0,1,0,1,0,0,0,'Other Technology','Mark P. Tanoury',NULL,1,'',75000000,74999994,6,'',0,'0001278150','Decline to Disclose','2015-06-22 07:00:00',16,0),(82,'Kingland Companies, Ltd.','','641-355-1014','',0,'http://www.kingland.com/ ','DELAWARE','Concept/Idea','','2015-07-05 00:42:37',0,0,0,0,0,0,0,0,0,0,0.00000,0.00000,0.00,0,0.00,0,0,0,0,0,0,0,1,0,1,0,0,0,'Other Technology','Todd Rognes',NULL,1,'',1000000,201931,798069,'',0,'0001551469','Decline to Disclose','2015-05-11 07:00:00',4,0),(83,'Signifyd, Inc.','','7733303783','',0,'https://www.signifyd.com/ ','DELAWARE','Concept/Idea','','2015-07-05 00:42:37',0,0,0,0,0,0,0,0,0,0,0.00000,0.00000,0.00,0,0.00,0,0,0,0,0,0,0,1,0,1,0,0,0,'Other Technology','Rajesh Ramanand',NULL,1,'',7227021,7003873,223148,'',0,'0001564648','Decline to Disclose','2015-06-18 07:00:00',15,0),(84,'PureWine Inc.','','817-228-3152','',0,'http://www.purewine.com/ ','DELAWARE','Concept/Idea','','2015-07-05 00:42:38',0,0,0,0,0,0,0,0,0,0,0.00000,0.00000,0.00,0,0.00,0,0,0,0,0,0,0,1,0,1,0,0,0,'Other Technology','David L. Meadows',NULL,1,'',450000,95000,355000,'',20000,'0001637604','No Revenues','2015-03-09 07:00:00',3,0),(85,'SpinGo Solutions, Inc.','','877-377-4646','',0,'https://www.spingo.com/ ','DELAWARE','Concept/Idea','','2015-07-05 00:42:39',0,0,0,0,0,0,0,0,0,0,0.00000,0.00000,0.00,0,0.00,0,0,0,0,0,0,0,1,0,1,0,0,0,'Other Technology','Kreg Peeler',NULL,1,'',1500000,474574,1025426,'',0,'0001600557','Decline to Disclose','2015-07-01 07:00:00',2,0),(86,'VivaQuant, LLC','','651-217-2176','',0,'http://www.vivaquant.com/ ','MINNESOTA','Concept/Idea','','2015-07-05 00:42:39',0,0,0,0,0,0,0,0,0,0,0.00000,0.00000,0.00,0,0.00,0,0,0,0,0,0,0,1,0,1,0,0,0,'Other Technology','Harold J. Slawik',NULL,1,'',600000,175000,425000,'',25000,'0001646256','$1 - $1,000,000','2015-06-04 07:00:00',4,0),(87,'Pirata, LLC','','724-816-4314','',0,'','PENNSYLVANIA','Concept/Idea','','2015-07-05 00:42:40',0,0,0,0,0,0,0,0,0,0,0.00000,0.00000,0.00,0,0.00,0,0,0,0,0,0,0,1,0,1,0,0,0,'Restaurants','Anthony E. Patterson',NULL,1,'',1000000,100000,900000,'',10000,'0001646973','No Revenues','2015-06-12 07:00:00',2,50000),(88,'E-Line Ventures LLC','','(212) 534-3275','',0,'http://elinemedia.com/ ','NEW JERSEY','Concept/Idea','','2015-07-05 00:42:41',0,0,0,0,0,0,0,0,0,0,0.00000,0.00000,0.00,0,0.00,0,0,0,0,0,0,0,1,0,1,0,0,0,'Other Technology','Michael Angst',NULL,1,'',5000000,4168100,831900,'',0,'0001587856','Decline to Disclose','2014-06-26 07:00:00',10,0),(89,'iValu8, Inc.','','919-949-2419','',0,'','NORTH CAROLINA','Concept/Idea','','2015-07-05 00:42:42',0,0,0,0,0,0,0,0,0,0,0.00000,0.00000,0.00,0,0.00,0,0,0,0,0,0,0,1,0,1,0,0,0,'Other Technology','Matthew G. Lenora',NULL,1,'',300000,57250,242750,'',0,'0001646282','Decline to Disclose','2015-06-19 07:00:00',1,0),(90,'Inpher, Inc.','','816-678-2802','',0,'','DELAWARE','Concept/Idea','','2015-07-05 00:42:43',0,0,0,0,0,0,0,0,0,0,0.00000,0.00000,0.00,0,0.00,0,0,0,0,0,0,0,1,0,1,0,0,0,'Other Technology','Jordan Brandt',NULL,1,'',1000000,75000,925000,'',20000,'0001646602','Decline to Disclose','2015-06-09 07:00:00',1,0),(91,'Op40 Holdings, Inc.','','402-932-6577','',0,'','CAYMAN ISLANDS','Concept/Idea','','2015-07-05 00:55:52',0,0,0,0,0,0,0,0,0,0,0.00000,0.00000,0.00,0,0.00,0,0,0,0,0,0,0,1,0,1,0,0,0,'Other Technology','Steven N. Hutchinson',NULL,1,'',2100000,1500000,600000,'',3333,'0001509574','Decline to Disclose','2014-07-07 07:00:00',6,0),(92,'ColdLogix, Inc.','','6504497080','',0,'','DELAWARE','Concept/Idea','','2015-07-05 00:55:55',0,0,0,0,0,0,0,0,0,0,0.00000,0.00000,0.00,0,0.00,0,0,0,0,0,0,0,1,0,1,0,0,0,'Computers','Jonathan Stark',NULL,1,'',1367996,1059767,308229,'',0,'0001627901','Decline to Disclose','2015-06-09 07:00:00',8,0),(93,'form.io LLC','','2142368899','',0,'https://form.io/ ','TEXAS','Concept/Idea','','2015-07-05 02:15:02',0,0,0,0,0,0,0,0,0,0,0.00000,0.00000,0.00,0,0.00,0,0,0,0,0,0,0,1,0,1,0,0,0,'Other Technology','Gary Wetzel',NULL,1,'',500000,251500,248500,'',0,'0001646721','Decline to Disclose','2015-05-27 07:00:00',12,0),(94,'eTouches, Inc.','','203-403-9470','',0,'https://www.etouches.com/','DELAWARE','Concept/Idea','','2015-07-05 02:15:03',0,0,0,0,0,0,0,0,0,0,0.00000,0.00000,0.00,0,0.00,0,0,0,0,0,0,0,1,0,1,0,0,0,'Other Technology','Oni Chukwu',NULL,1,'',4000000,4000000,0,'',1,'0001500454','Decline to Disclose','2015-07-10 07:00:00',1,1),(95,'Splyt Easy, LLC','','480-252-0130','',0,'http://www.splyteasy.com ','ARIZONA','Concept/Idea','','2015-07-05 02:15:06',0,0,0,0,0,0,0,0,0,0,0.00000,0.00000,0.00,0,0.00,0,0,0,0,0,0,0,1,0,1,0,0,0,'Other Technology','Michael D. Sutton',NULL,1,'',50000,50000,0,'',50000,'0001605324','$1 - $1,000,000','2015-06-23 07:00:00',0,50000),(96,'Ezuza, Inc.','','617-938-3477','',0,'http://www.ezuza.com/ ','DELAWARE','Concept/Idea','','2015-07-05 02:15:12',0,0,0,0,0,0,0,0,0,0,0.00000,0.00000,0.00,0,0.00,0,0,0,0,0,0,0,1,0,1,0,0,0,'Other Technology','Monique Maddy',NULL,1,'',1500000,875000,625000,'',0,'0001512882','Decline to Disclose','2015-06-19 07:00:00',2,0),(97,'Vape Holdings, Inc.','','1-877-827-3959','',0,'http://vapeholdings.com/ ','DELAWARE','Concept/Idea','','2015-07-05 02:15:13',0,0,0,0,0,0,0,0,0,0,0.00000,0.00000,0.00,0,0.00,0,0,0,0,0,0,0,1,0,1,0,0,0,'Other Technology','Kyle Tracey',NULL,1,'',108000,67500,40500,'',0,'0001455819','Decline to Disclose','2015-07-01 07:00:00',1,0),(98,'Dream Funded, Inc.','','650-388-8698','',0,'https://dreamfunded.com/ ','DELAWARE','Concept/Idea','','2015-07-05 02:15:14',0,0,0,0,0,0,0,0,0,0,0.00000,0.00000,0.00,0,0.00,0,0,0,0,0,0,0,1,0,1,0,0,0,'Other Technology','Manuel John Fernandez',NULL,1,'',1000000,0,1000000,'',0,'0001645657','No Revenues','0000-00-00 00:00:00',0,0),(99,'Wrapify, Inc.','','858.461.9124','',0,'http://www.wrapify.com/ ','DELAWARE','Concept/Idea','','2015-07-05 02:15:16',0,0,0,0,0,0,0,0,0,0,0.00000,0.00000,0.00,0,0.00,0,0,0,0,0,0,0,1,0,1,0,0,0,'Other','James Heller',NULL,1,'',1000000,500000,500000,'',25000,'0001639981','Decline to Disclose','2015-03-27 07:00:00',5,0),(100,'23andMe Inc','','(650) 938-6300','',0,'https://www.23andme.com/ ','DELAWARE','Concept/Idea','','2015-07-05 02:15:17',0,0,0,0,0,0,0,0,0,0,0.00000,0.00000,0.00,0,0.00,0,0,0,0,0,0,0,1,0,1,0,0,0,'Other Technology','Kathy Hibbs',NULL,1,'',150000000,79075938,70924062,'',0,'0001414053','Decline to Disclose','2015-06-18 07:00:00',15,0),(101,'DigiPuppets LLC','','8443672524','',0,'http://www.digipuppets.com/ ','DELAWARE','Concept/Idea','','2015-07-05 02:15:19',0,0,0,0,0,0,0,0,0,0,0.00000,0.00000,0.00,0,0.00,0,0,0,0,0,0,0,1,0,1,0,0,0,'Other Technology','Brendan Green',NULL,1,'',250000,135000,115000,'',2500,'0001593202','Decline to Disclose','2015-06-22 07:00:00',8,0),(102,'Tachyus Corp','','510-684-7883','',0,'http://tachyus.com/ ','DELAWARE','Concept/Idea','','2015-07-06 16:59:13',0,0,0,0,0,0,0,0,0,0,0.00000,0.00000,0.00,0,0.00,0,0,0,0,0,0,0,1,0,1,0,0,0,'Other Technology','Dakin Sloss',NULL,1,'',18784683,13634671,5150012,'',0,'0001575592','Decline to Disclose','2015-05-15 07:00:00',27,0),(103,'Enigma Technologies, Inc.','','646-248-5698','',0,'http://enigma.io/ ','DELAWARE','Concept/Idea','','2015-07-06 16:59:14',0,0,0,0,0,0,0,0,0,0,0.00000,0.00000,0.00,0,0.00,0,0,0,0,0,0,0,1,0,1,0,0,0,'Other Technology','Hicham Oudghiri',NULL,1,'',28207227,28207227,0,'',0,'0001547343','Decline to Disclose','2015-03-18 07:00:00',17,0),(104,'Prism Microwave, Inc.','','(302) 636-5400','',0,'','DELAWARE','Concept/Idea','','2015-07-06 16:59:14',0,0,0,0,0,0,0,0,0,0,0.00000,0.00000,0.00,0,0.00,0,0,0,0,0,0,0,1,0,1,0,0,0,'Telecommunications','James Weinberg',NULL,1,'',3500000,615000,2885000,'',50000,'0001486019','Decline to Disclose','2015-06-22 07:00:00',6,0),(105,'ThreadMeUp LLC','','(773) 688-4485','',0,'https://www.threadmeup.com/ ','DELAWARE','Concept/Idea','','2015-07-06 16:59:15',0,0,0,0,0,0,0,0,0,0,0.00000,0.00000,0.00,0,0.00,0,0,0,0,0,0,0,1,0,1,0,0,0,'Other Technology','Ramzey Nassar',NULL,1,'',1500000,170000,1330000,'',20000,'0001646611','Decline to Disclose','2015-06-26 07:00:00',3,0),(106,'Mac Associates Inc','','','',0,'','Undecided','Concept/Idea','','2015-07-06 17:26:32',0,0,0,0,0,0,0,0,0,0,0.00000,0.00000,0.00,0,0.00,0,0,0,0,0,0,0,1,0,1,0,0,0,'','',NULL,1,'',0,0,0,'',0,'','','0000-00-00 00:00:00',0,0),(107,'Solo Inc','','','',0,'','Undecided','Concept/Idea','','2015-07-06 19:35:24',0,0,0,0,0,0,0,0,0,0,0.00000,0.00000,0.00,0,0.00,0,0,0,0,0,0,0,1,0,1,0,0,0,'','',NULL,1,'',0,0,0,'',0,'','','0000-00-00 00:00:00',0,0),(108,'Tee Inc','','','',0,'','Undecided','Concept/Idea','','2015-07-06 19:37:26',0,0,0,0,0,0,0,0,0,0,0.00000,0.00000,0.00,0,0.00,0,0,0,0,0,0,0,1,0,1,0,0,0,'','',NULL,1,'',0,0,0,'',0,'','','0000-00-00 00:00:00',0,0),(109,'NimbeLink Corp.','','612-285-3433','',0,'https://www.nimbelink.com/ ','MINNESOTA','Concept/Idea','','2015-07-06 20:11:50',0,0,0,0,0,0,0,0,0,0,0.00000,0.00000,0.00,0,0.00,0,0,0,0,0,0,0,1,0,1,0,0,0,'Other Technology','Scott Schwalbe',NULL,1,'',850400,850400,0,'',25000,'0001623611','$1,000,001 - $5,000,000','2014-10-20 07:00:00',7,0),(110,'WISErg Corp','','(206) 669-2582','',0,'https://wiserg.com/ ','WASHINGTON','Concept/Idea','','2015-07-06 20:11:50',0,0,0,0,0,0,0,0,0,0,0.00000,0.00000,0.00,0,0.00,0,0,0,0,0,0,0,1,0,1,0,0,0,'Other Technology','Larry LeSueur',NULL,1,'',12040365,12040365,0,'',1000,'0001538943','Decline to Disclose','2014-06-09 07:00:00',32,0),(111,'mParticle, Inc.','','917-692-2868','',0,'https://www.mparticle.com/ ','DELAWARE','Concept/Idea','','2015-07-06 20:11:51',0,0,0,0,0,0,0,0,0,0,0.00000,0.00000,0.00,0,0.00,0,0,0,0,0,0,0,1,0,1,0,0,0,'Other Technology','Michael Katz',NULL,1,'',4305000,4305000,0,'',0,'0001582826','Decline to Disclose','2014-07-15 07:00:00',57,0),(112,'Quisk, Inc.','','866-784-7594','',0,'http://www.quisk.co/ ','DELAWARE','Concept/Idea','','2015-07-06 20:11:51',0,0,0,0,0,0,0,0,0,0,0.00000,0.00000,0.00,0,0.00,0,0,0,0,0,0,0,1,0,1,0,0,0,'Other Banking and Financial Services','Mary C Garfein',NULL,1,'',15350000,12350000,3000000,'',250000,'0001408373','Decline to Disclose','2013-11-27 08:00:00',1,0),(113,'Involta Holdings, LLC','','319-364-3061','',0,'http://www.involta.com/ ','DELAWARE','Concept/Idea','','2015-07-06 20:11:52',0,0,0,0,0,0,0,0,0,0,0.00000,0.00000,0.00,0,0.00,0,0,0,0,0,0,0,1,0,1,0,0,0,'Other Technology','Randall Rings',NULL,1,'',6661864,6661864,0,'',0,'0001647143','Decline to Disclose','2015-06-19 07:00:00',8,0),(114,'NE AUDIENCE MEDIA, INC.','','425 802 6813','',0,'http://www.newaudiencemedia.com/ ','DELAWARE','Concept/Idea','','2015-07-06 20:11:53',0,0,0,0,0,0,0,0,0,0,0.00000,0.00000,0.00,0,0.00,0,0,0,0,0,0,0,1,0,1,0,0,0,'Other','GABRIEL GERVELIS',NULL,1,'',75000,75000,0,'',75000,'0001647168','Decline to Disclose','2015-06-22 07:00:00',1,0),(116,'DateBox, Inc.','','253-678-1173','',0,'','DELAWARE','Concept/Idea','','2015-07-06 21:51:03',0,0,0,0,0,0,0,0,0,0,0.00000,0.00000,0.00,0,0.00,0,0,0,0,0,0,0,1,0,1,0,0,0,'Other Technology','Brett Kolomyjec',NULL,1,'',500000,50000,450000,'',10000,'0001642395','Decline to Disclose','2015-06-29 07:00:00',1,0),(117,'Barkly Protects, Inc.','','6179014151','',0,'http://www.barklyprotects.com/','DELAWARE','Concept/Idea','','2015-07-06 21:51:04',0,0,0,0,0,0,0,0,0,0,0.00000,0.00000,0.00,0,0.00,0,0,0,0,0,0,0,1,0,1,0,0,0,'Other Technology','Michael J. Duffy',NULL,1,'',12341376,12341376,0,'',0,'0001625602','Decline to Disclose','2015-06-23 07:00:00',10,0),(118,'Sticks & Brains, Inc.','','203-570-2236','',0,'','CALIFORNIA','Concept/Idea','','2015-07-06 21:51:04',0,0,0,0,0,0,0,0,0,0,0.00000,0.00000,0.00,0,0.00,0,0,0,0,0,0,0,1,0,1,0,0,0,'Other Technology','Lukens Orthwein',NULL,1,'',1999996,1999996,0,'',0,'0001646911','Decline to Disclose','2015-06-19 07:00:00',12,0),(119,'panOpen, Inc.','','000-000-0000','',0,'https://panopen.panopen.com/ ','DELAWARE','Concept/Idea','','2015-07-06 21:51:05',0,0,0,0,0,0,0,0,0,0,0.00000,0.00000,0.00,0,0.00,0,0,0,0,0,0,0,1,0,1,0,0,0,'Other Technology','Brian Jacobs',NULL,1,'',3697315,3697315,0,'',0,'0001647128','Decline to Disclose','2015-06-17 07:00:00',12,0),(120,'LabelNexus, LLC','','317-828-0721','',0,'','INDIANA','Concept/Idea','','2015-07-06 21:51:06',0,0,0,0,0,0,0,0,0,0,0.00000,0.00000,0.00,0,0.00,0,0,0,0,0,0,0,1,0,1,0,0,0,'Other Technology','William M. Godfrey',NULL,1,'',750000,500000,250000,'',0,'0001647185','Decline to Disclose','2015-06-24 07:00:00',7,0),(121,'NameCoach, Inc.','','513-240-9294','',0,'https://www.name-coach.com/ ','DELAWARE','Concept/Idea','','2015-07-06 21:51:06',0,0,0,0,0,0,0,0,0,0,0.00000,0.00000,0.00,0,0.00,0,0,0,0,0,0,0,1,0,1,0,0,0,'Other Technology','Praveen Ramesh Shanbhag',NULL,1,'',1100000,1000000,100000,'',0,'0001647116','Decline to Disclose','2015-06-19 07:00:00',1,0),(122,'ATRP Solutions, Inc.','','412.999.7856','',0,'http://www.atrpsolutions.com ','DELAWARE','Concept/Idea','','2015-07-06 21:51:07',0,0,0,0,0,0,0,0,0,0,0.00000,0.00000,0.00,0,0.00,0,0,0,0,0,0,0,1,0,1,0,0,0,'Other Technology','Patrick McCarthy',NULL,1,'',800000,736431,63569,'',5000,'0001490743','Decline to Disclose','2015-06-26 07:00:00',8,0),(123,'SpeedAP, Inc.','','203-918-6434','',0,'','DELAWARE','Concept/Idea','','2015-07-06 21:51:08',0,0,0,0,0,0,0,0,0,0,0.00000,0.00000,0.00,0,0.00,0,0,0,0,0,0,0,1,0,1,0,0,0,'Other Technology','Yair Granot',NULL,1,'',30000,30000,0,'',15000,'0001647159','Decline to Disclose','2015-06-08 07:00:00',2,0),(124,'Helion Energy, Inc.','','425-867-8900','',0,'http://www.helionenergy.com/ ','DELAWARE','Concept/Idea','','2015-07-06 21:51:08',0,0,0,0,0,0,0,0,0,0,0.00000,0.00000,0.00,0,0.00,0,0,0,0,0,0,0,1,0,1,0,0,0,'Other','David Kirtley',NULL,1,'',21228400,10614202,10614198,'',0,'0001615940','Decline to Disclose','2015-06-19 07:00:00',6,0),(125,'Freshname Corp','','','',0,'','Undecided','Concept/Idea','','2015-07-07 22:15:21',0,0,0,0,0,0,0,0,0,0,0.00000,0.00000,0.00,0,0.00,0,0,0,0,0,0,0,1,0,1,0,0,0,'','',NULL,1,'',0,0,0,'',0,'','','0000-00-00 00:00:00',0,0),(126,'Won World, Inc.','','480-400-7000','',0,'','NEVADA','Concept/Idea','','2015-07-08 00:51:58',0,0,0,0,0,0,0,0,0,0,0.00000,0.00000,0.00,0,0.00,0,0,0,0,0,0,0,1,0,1,0,0,0,'Other Technology','Jeffrey D. Haley',NULL,1,'',4350,4250,100,'',0,'0001647179','No Revenues','2015-07-07 07:00:00',34,0),(127,'Knowledge Machine International, Inc.','','5056034150','',0,'','NEVADA','Concept/Idea','','2015-07-08 00:51:58',0,0,0,0,0,0,0,0,0,0,0.00000,0.00000,0.00,0,0.00,0,0,0,0,0,0,0,1,0,1,0,0,0,'Other','Vivek Dave',NULL,1,'',3241,3241,0,'',0,'0001586372','$1 - $1,000,000','2015-06-26 07:00:00',8,0),(128,'View, Inc','','408-263-9200','',0,'http://viewglass.com/','DELAWARE','Concept/Idea','','2015-07-08 00:51:59',0,0,0,0,0,0,0,0,0,0,0.00000,0.00000,0.00,0,0.00,0,0,0,0,0,0,0,1,0,1,0,0,0,'Other Technology','James D. Fay',NULL,1,'',86338620,86338620,0,'',0,'0001416655','Decline to Disclose','2014-12-23 08:00:00',22,0),(129,'Tethered Films LLC','','323-382-0000','',0,'','OHIO','Concept/Idea','','2015-07-08 00:52:00',0,0,0,0,0,0,0,0,0,0,0.00000,0.00000,0.00,0,0.00,0,0,0,0,0,0,0,1,0,1,0,0,0,'Other','Tyler Davidson',NULL,1,'',1850000,1850000,0,'',25000,'0001647252','Decline to Disclose','2015-06-14 07:00:00',6,150000),(130,'3CLogic, Inc.','','240-454-6347','',0,'http://www.3clogic.com/','DELAWARE','Concept/Idea','','2015-07-08 00:52:01',0,0,0,0,0,0,0,0,0,0,0.00000,0.00000,0.00,0,0.00,0,0,0,0,0,0,0,1,0,1,0,0,0,'Other Technology','Raj Sharma',NULL,1,'',2500000,1349000,1151000,'',0,'0001599949','Decline to Disclose','2015-06-25 07:00:00',4,0),(131,'Tesseract Structural Innovations, Inc.','','479-571-2592','',0,'http://www.tesseractinnovations.com/ ','DELAWARE','Concept/Idea','','2015-07-08 00:52:03',0,0,0,0,0,0,0,0,0,0,0.00000,0.00000,0.00,0,0.00,0,0,0,0,0,0,0,1,0,1,0,0,0,'Other','Bernard D. Prusaczyk, Jr.',NULL,1,'',250000,81250,168750,'',6250,'0001647249','Not Applicable','2015-06-22 07:00:00',11,0),(132,'APOGEE INFORMATICS CORP','','205-525-5099','',0,'http://www.apogeeinformatics.com/ ','DELAWARE','Concept/Idea','','2015-07-08 00:52:03',0,0,0,0,0,0,0,0,0,0,0.00000,0.00000,0.00,0,0.00,0,0,0,0,0,0,0,1,0,1,0,0,0,'Other Technology','William A. Laidig',NULL,1,'',1500000,0,1500000,'',50000,'0001444654','$1,000,001 - $5,000,000','0000-00-00 00:00:00',0,0),(133,'Zealot Networks, Inc.','','(424) 785-2997','',0,'http://www.zealotnetworks.com/ ','CALIFORNIA','Concept/Idea','','2015-07-08 00:52:04',0,0,0,0,0,0,0,0,0,0,0.00000,0.00000,0.00,0,0.00,0,0,0,0,0,0,0,1,0,1,0,0,0,'Other Technology','Armen Martin',NULL,1,'',26530105,26530105,0,'',7000,'0001616362','$25,000,001 - $100,000,000','2014-06-09 07:00:00',60,0),(134,'True Fit Corp','','617-848-3740','',0,'http://www.truefit.com/ ','DELAWARE','Concept/Idea','','2015-07-08 00:52:04',0,0,0,0,0,0,0,0,0,0,0.00000,0.00000,0.00,0,0.00,0,0,0,0,0,0,0,1,0,1,0,0,0,'Other Technology','Chuck Badavas',NULL,1,'',20000,20000,0,'',0,'0001512850','Decline to Disclose','2015-06-22 07:00:00',1,0),(135,'Nativo, Inc.','','562-285-0297','',0,'','DELAWARE','Concept/Idea','','2015-07-08 20:58:46',0,0,0,0,0,0,0,0,0,0,0.00000,0.00000,0.00,0,0.00,0,0,0,0,0,0,0,1,0,1,0,0,0,'Telecommunications','Justin Choi',NULL,1,'',19999993,19999993,0,'',0,'0001574279','Decline to Disclose','2015-06-30 07:00:00',9,0),(136,'Tap.in2, Inc.','','415-272-8543','',0,'','DELAWARE','Concept/Idea','','2015-07-08 20:58:46',0,0,0,0,0,0,0,0,0,0,0.00000,0.00000,0.00,0,0.00,0,0,0,0,0,0,0,1,0,1,0,0,0,'Other Technology','Michael Jacobs',NULL,1,'',1500000,525000,975000,'',0,'0001644899','Decline to Disclose','2015-06-24 07:00:00',17,0),(137,'Outlier AI, Inc.','','(914) 662-9588','',0,'','DELAWARE','Concept/Idea','','2015-07-08 20:58:47',0,0,0,0,0,0,0,0,0,0,0.00000,0.00000,0.00,0,0.00,0,0,0,0,0,0,0,1,0,1,0,0,0,'Other Technology','Michael Kim',NULL,1,'',1200003,1200003,0,'',0,'0001647140','Decline to Disclose','2015-06-24 07:00:00',13,0),(138,'Improveit! 360, LLC','','614-421-3000','',0,'','OHIO','Concept/Idea','','2015-07-08 20:58:47',0,0,0,0,0,0,0,0,0,0,0.00000,0.00000,0.00,0,0.00,0,0,0,0,0,0,0,1,0,1,0,0,0,'Other Technology','Mark D. Quinlan',NULL,1,'',250000,250000,0,'',0,'0001542977','Decline to Disclose','2015-05-13 07:00:00',3,0),(139,'Lendvo, LLC','','572-388-2870','',0,'','VIRGINIA','Concept/Idea','','2015-07-08 20:58:48',0,0,0,0,0,0,0,0,0,0,0.00000,0.00000,0.00,0,0.00,0,0,0,0,0,0,0,1,0,1,0,0,0,'Other Technology','Patrick A Izzo III',NULL,1,'',1043850,1043850,0,'',0,'0001646820','Decline to Disclose','2015-06-23 07:00:00',1,0),(140,'BoxFox LLC','','(317) 506-6059','',0,'https://boxfox.co/ ','INDIANA','Concept/Idea','','2015-07-08 20:58:48',0,0,0,0,0,0,0,0,0,0,0.00000,0.00000,0.00,0,0.00,0,0,0,0,0,0,0,1,0,1,0,0,0,'Other Technology','Jay Rumbach',NULL,1,'',1000000,54000,946000,'',25000,'0001647364','Decline to Disclose','2015-07-08 07:00:00',1,0),(141,'SkyBell Technologies, Inc.','','310-387-7034','',0,'','NEVADA','Concept/Idea','','2015-07-08 20:58:49',0,0,0,0,0,0,0,0,0,0,0.00000,0.00000,0.00,0,0.00,0,0,0,0,0,0,0,1,0,1,0,0,0,'Other Technology','Gregory S. Harrison',NULL,1,'',1000000,750000,250000,'',25000,'0001646577','$1,000,001 - $5,000,000','2015-06-15 07:00:00',4,0),(142,'Salted Earth, LLC','','516-528-8517','',0,'','ARIZONA','Concept/Idea','','2015-07-08 20:58:49',0,0,0,0,0,0,0,0,0,0,0.00000,0.00000,0.00,0,0.00,0,0,0,0,0,0,0,1,0,1,0,0,0,'Other Technology','Donna Pulvermacher',NULL,1,'',3000000,0,3000000,'',50000,'0001647452','No Revenues','0000-00-00 00:00:00',0,0),(143,'TightKnit LLC','','612-281-5017','',0,'','MINNESOTA','Concept/Idea','','2015-07-08 20:58:50',0,0,0,0,0,0,0,0,0,0,0.00000,0.00000,0.00,0,0.00,0,0,0,0,0,0,0,1,0,1,0,0,0,'Other Technology','Eric Peterschmidt',NULL,1,'',350000,128316,221684,'',25000,'0001577334','No Revenues','2013-05-10 07:00:00',4,0),(144,'Zoobean, Inc.','','412-532-6267','',0,'','DELAWARE','Concept/Idea','','2015-07-08 20:58:51',0,0,0,0,0,0,0,0,0,0,0.00000,0.00000,0.00,0,0.00,0,0,0,0,0,0,0,1,0,1,0,0,0,'Other Technology','Felix Brandon Lloyd',NULL,1,'',275000,275000,0,'',0,'0001579023','Decline to Disclose','2015-06-23 07:00:00',3,0),(145,'WAIOUT, INC','','919-808-2181','',0,'','DELAWARE','Concept/Idea','','2015-07-08 20:58:51',0,0,0,0,0,0,0,0,0,0,0.00000,0.00000,0.00,0,0.00,0,0,0,0,0,0,0,1,0,1,0,0,0,'Other Technology','JON COLGAN',NULL,1,'',0,125000,0,'',0,'0001647264','Decline to Disclose','2014-12-22 08:00:00',2,15300),(146,'Stryd, Inc.','','970-658-0490','',0,'','DELAWARE','Concept/Idea','','2015-07-08 20:58:52',0,0,0,0,0,0,0,0,0,0,0.00000,0.00000,0.00,0,0.00,0,0,0,0,0,0,0,1,0,1,0,0,0,'Other Technology','Robert Dick',NULL,1,'',1100000,300000,800000,'',0,'0001647106','Decline to Disclose','2015-06-23 07:00:00',2,0),(147,'Forge Tech, Inc.','','(888) 854-8414','',0,'','DELAWARE','Concept/Idea','','2015-07-08 20:58:52',0,0,0,0,0,0,0,0,0,0,0.00000,0.00000,0.00,0,0.00,0,0,0,0,0,0,0,1,0,1,0,0,0,'Other','Mathew A. Rybicki',NULL,1,'',300000,75000,225000,'',0,'0001500819','$1 - $1,000,000','2015-06-19 07:00:00',2,0),(148,'Auth0, Inc.','','1-888-235-2699','',0,'','DELAWARE','Concept/Idea','','2015-07-08 20:58:53',0,0,0,0,0,0,0,0,0,0,0.00000,0.00000,0.00,0,0.00,0,0,0,0,0,0,0,1,0,1,0,0,0,'Computers','Jonathan I. Gelsey',NULL,1,'',9274955,9274955,0,'',0,'0001624287','Decline to Disclose','2015-04-23 07:00:00',24,0),(149,'Preact, Inc.','','(415) 231-6205','',0,'','DELAWARE','Concept/Idea','','2015-07-08 20:58:54',0,0,0,0,0,0,0,0,0,0,0.00000,0.00000,0.00,0,0.00,0,0,0,0,0,0,0,1,0,1,0,0,0,'Other Technology','Ujjal Kohli',NULL,1,'',5127146,5127146,0,'',0,'0001644726','Decline to Disclose','2013-11-19 08:00:00',21,0),(150,'6th Wave Innovations Corp','','2025254364','',0,'','MARYLAND','Concept/Idea','','2015-07-08 20:58:55',0,0,0,0,0,0,0,0,0,0,0.00000,0.00000,0.00,0,0.00,0,0,0,0,0,0,0,1,0,1,0,0,0,'Other Technology','Brian Feldman',NULL,1,'',0,2569720,0,'',100000,'0001647130','$1 - $1,000,000','2014-06-02 07:00:00',10,500000),(151,'PatrolTag Inc','','(650) 678-3790','',0,'','DELAWARE','Concept/Idea','','2015-07-08 20:58:55',0,0,0,0,0,0,0,0,0,0,0.00000,0.00000,0.00,0,0.00,0,0,0,0,0,0,0,1,0,1,0,0,0,'Other Technology','Stephen D. Hollis',NULL,1,'',1500000,1414942,85058,'',10148,'0001635744','Decline to Disclose','2015-03-10 07:00:00',34,0),(152,'Jumpshot the Movie, LP','','(512) 710-5575','',0,'','TEXAS','Concept/Idea','','2015-07-08 20:58:56',0,0,0,0,0,0,0,0,0,0,0.00000,0.00000,0.00,0,0.00,0,0,0,0,0,0,0,1,0,1,0,0,0,'Other','Russell Wayne Groves',NULL,1,'',250000,130000,120000,'',10000,'0001647175','No Revenues','2015-04-06 07:00:00',10,0),(153,'Safe-h2o Inc','','650-454-6470','',0,'','DELAWARE','Concept/Idea','','2015-07-08 20:58:56',0,0,0,0,0,0,0,0,0,0,0.00000,0.00000,0.00,0,0.00,0,0,0,0,0,0,0,1,0,1,0,0,0,'Environmental Services','Sophia E. C. Schwartz',NULL,1,'',750000,412000,338000,'',10000,'0001631922','Decline to Disclose','2013-09-20 07:00:00',21,0),(154,'Digital Mobile Innovations, LLC','','240-223-4800','',0,'','DELAWARE','Concept/Idea','','2015-07-08 20:58:57',0,0,0,0,0,0,0,0,0,0,0.00000,0.00000,0.00,0,0.00,0,0,0,0,0,0,0,1,0,1,0,0,0,'Other Technology','Collin M Dretsch',NULL,1,'',0,5062361,0,'',0,'0001588297','Decline to Disclose','2014-02-06 08:00:00',1,0),(155,'Rapid Applications Group, LLC','','303-500-3050','',0,'','COLORADO','Concept/Idea','','2015-07-08 20:58:57',0,0,0,0,0,0,0,0,0,0,0.00000,0.00000,0.00,0,0.00,0,0,0,0,0,0,0,1,0,1,0,0,0,'Other','Matthew T Bullis',NULL,1,'',2500000,250000,2250000,'',250000,'0001637284','Decline to Disclose','2015-07-07 07:00:00',1,625000),(156,'Connect Financial Software Solutions, LLC','','801-327-9701','',0,'','NEVADA','Concept/Idea','','2015-07-08 20:58:58',0,0,0,0,0,0,0,0,0,0,0.00000,0.00000,0.00,0,0.00,0,0,0,0,0,0,0,1,0,1,0,0,0,'Other Technology','Grant Parry',NULL,1,'',600000,600000,0,'',0,'0001483461','Decline to Disclose','2015-06-26 07:00:00',2,0),(157,'Degreed, Inc.','','801-722-5707','',0,'https://degreed.com/ ','DELAWARE','Concept/Idea','','2015-07-08 20:58:58',0,0,0,0,0,0,0,0,0,0,0.00000,0.00000,0.00,0,0.00,0,0,0,0,0,0,0,1,0,1,0,0,0,'Other','David Blake',NULL,1,'',20000,20000,0,'',0,'0001556900','Decline to Disclose','2015-06-26 07:00:00',1,0),(158,'Airgrub Systems, Inc.','','844-246-6520','',0,'','DELAWARE','Concept/Idea','','2015-07-08 20:58:59',0,0,0,0,0,0,0,0,0,0,0.00000,0.00000,0.00,0,0.00,0,0,0,0,0,0,0,1,0,1,0,0,0,'Other','Surya Panditi',NULL,1,'',1500000,1223000,277000,'',0,'0001647274','Decline to Disclose','2015-06-19 07:00:00',18,0),(159,'Outbox Systems, Inc.','','855-256-8391','',0,'https://www.simplus.com/ ','DELAWARE','Concept/Idea','','2015-07-10 02:16:10',0,0,0,0,0,0,0,0,0,0,0.00000,0.00000,0.00,0,0.00,0,0,0,0,0,0,0,1,0,1,0,0,0,'Other Technology','Ryan Westwood',NULL,1,'',3000000,2050000,950000,'',0,'0001640426','Decline to Disclose','2015-07-02 07:00:00',2,0),(160,'Academic Merit, LLC','','(207) 774-7223','',0,'','MAINE','Concept/Idea','','2015-07-10 02:16:10',0,0,0,0,0,0,0,0,0,0,0.00000,0.00000,0.00,0,0.00,0,0,0,0,0,0,0,1,0,1,0,0,0,'Other','Steven Shapiro',NULL,1,'',300000,200000,100000,'',25000,'0001578643','Decline to Disclose','2015-06-29 07:00:00',1,0),(161,'Boomtown Network, Inc.','','(844) 800-2666','',0,'http://www.goboomtown.com/ ','DELAWARE','Concept/Idea','','2015-07-10 02:16:11',0,0,0,0,0,0,0,0,0,0,0.00000,0.00000,0.00,0,0.00,0,0,0,0,0,0,0,1,0,1,0,0,0,'Computers','Alfred Kahn IV',NULL,1,'',5032882,5032882,0,'',25000,'0001626160','Decline to Disclose','2015-07-02 07:00:00',14,0),(162,'Civil Co.','','5037293478','',0,'','OREGON','Concept/Idea','','2015-07-10 02:16:11',0,0,0,0,0,0,0,0,0,0,0.00000,0.00000,0.00,0,0.00,0,0,0,0,0,0,0,1,0,1,0,0,0,'Other Technology','Aja Bogdanoff',NULL,1,'',250000,25000,225000,'',0,'0001647015','Decline to Disclose','2015-06-26 07:00:00',1,0),(163,'EverCharge, Inc.','','415 797 7770','',0,'','DELAWARE','Concept/Idea','','2015-07-10 02:16:12',0,0,0,0,0,0,0,0,0,0,0.00000,0.00000,0.00,0,0.00,0,0,0,0,0,0,0,1,0,1,0,0,0,'Electric Utilities','Jason Appelbaum',NULL,1,'',750000,350000,400000,'',10000,'0001646971','$1 - $1,000,000','2014-12-01 08:00:00',2,0),(164,'TICTASKS, INC.','','(415) 323-0707','',0,'','DELAWARE','Concept/Idea','','2015-07-10 02:16:13',0,0,0,0,0,0,0,0,0,0,0.00000,0.00000,0.00,0,0.00,0,0,0,0,0,0,0,1,0,1,0,0,0,'Other Technology','Pablo Fuentes',NULL,1,'',1000000,241453,758547,'',0,'0001567859','Decline to Disclose','2015-06-22 07:00:00',8,0),(165,'Certes Networks, Inc.','','412-262-2571','',0,'http://certesnetworks.com/ ','DELAWARE','Concept/Idea','','2015-07-10 02:16:13',0,0,0,0,0,0,0,0,0,0,0.00000,0.00000,0.00,0,0.00,0,0,0,0,0,0,0,1,0,1,0,0,0,'Other Technology','Gary J. Brunner',NULL,1,'',3000000,2000000,1000000,'',0,'0001486326','Decline to Disclose','2015-06-25 07:00:00',4,0),(166,'Nexosis, Inc.','','614-769-5779','',0,'http://www.nexosis.com/ ','DELAWARE','Concept/Idea','','2015-07-10 02:16:14',0,0,0,0,0,0,0,0,0,0,0.00000,0.00000,0.00,0,0.00,0,0,0,0,0,0,0,1,0,1,0,0,0,'Other Technology','Ryan Sevey',NULL,1,'',100000,100000,0,'',100000,'0001645371','$1 - $1,000,000','2015-06-26 07:00:00',1,0),(167,'Querium Corp','','512-833-6955','',0,'','DELAWARE','Concept/Idea','','2015-07-10 02:16:14',0,0,0,0,0,0,0,0,0,0,0.00000,0.00000,0.00,0,0.00,0,0,0,0,0,0,0,1,0,1,0,0,0,'Other Technology','Kent A. Fuka',NULL,1,'',900000,741813,158187,'',0,'0001571655','Decline to Disclose','2015-06-26 07:00:00',6,0),(168,'SlamAd.Com, Inc.','','631-243-2177','',0,'http://www.slamad.com/ ','DELAWARE','Concept/Idea','','2015-07-10 02:16:15',0,0,0,0,0,0,0,0,0,0,0.00000,0.00000,0.00,0,0.00,0,0,0,0,0,0,0,1,0,1,0,0,0,'Other','Leonard Butterman',NULL,1,'',1000000,903100,96900,'',5000,'0001599338','Decline to Disclose','2014-01-28 08:00:00',24,100000),(169,'UploadVR, Inc.','','(310) 773-7672','',0,'http://uploadvr.com/ ','DELAWARE','Concept/Idea','','2015-07-10 02:16:15',0,0,0,0,0,0,0,0,0,0,0.00000,0.00000,0.00,0,0.00,0,0,0,0,0,0,0,1,0,1,0,0,0,'Other','Taylor Freeman',NULL,1,'',500000,50000,450000,'',0,'0001647463','Decline to Disclose','2015-07-02 07:00:00',2,0),(170,'Avanoo, Inc.','','650-335-7285','',0,'https://www.avanoo.com/ ','DELAWARE','Concept/Idea','','2015-07-10 02:16:16',0,0,0,0,0,0,0,0,0,0,0.00000,0.00000,0.00,0,0.00,0,0,0,0,0,0,0,1,0,1,0,0,0,'Other Technology','Daniel Jacobs',NULL,1,'',3340026,3340026,0,'',0,'0001646838','Decline to Disclose','2015-06-15 07:00:00',22,0),(171,'AUTOLOTTO, INC.','','520-370-7900','',0,'','DELAWARE','Concept/Idea','','2015-07-10 02:16:16',0,0,0,0,0,0,0,0,0,0,0.00000,0.00000,0.00,0,0.00,0,0,0,0,0,0,0,1,0,1,0,0,0,'Other Technology','MATT CLEMENSON',NULL,1,'',601350,601350,0,'',0,'0001642451','Decline to Disclose','2015-05-08 07:00:00',18,0),(172,'Lybrate, Inc.','','3477462335','',0,'','DELAWARE','Concept/Idea','','2015-07-10 02:16:17',0,0,0,0,0,0,0,0,0,0,0.00000,0.00000,0.00,0,0.00,0,0,0,0,0,0,0,1,0,1,0,0,0,'Other Technology','Andrew Dick',NULL,1,'',10243838,10203838,40000,'',40000,'0001616904','Decline to Disclose','2015-06-23 07:00:00',3,0),(173,'ORIGINCLEAR, INC.','','323-939-6645','',0,'http://www.originclear.com/ ','NEVADA','Concept/Idea','','2015-07-10 02:16:17',0,0,0,0,0,0,0,0,0,0,0.00000,0.00000,0.00,0,0.00,0,0,0,0,0,0,0,1,0,1,0,0,0,'Other Technology','T. Riggs Eckelberry',NULL,1,'',2000000,67500,1932500,'',0,'0001419793','$1 - $1,000,000','2015-06-25 07:00:00',4,0),(174,'VESTMARK INC','','781-224-3640','',0,'http://unifiedwealthmanagement.com/ ','DELAWARE','Concept/Idea','','2015-07-10 02:16:18',0,0,0,0,0,0,0,0,0,0,0.00000,0.00000,0.00,0,0.00,0,0,0,0,0,0,0,1,0,1,0,0,0,'Other Technology','John Lunny',NULL,1,'',268000,268000,0,'',0,'0000945692','Decline to Disclose','2015-07-01 07:00:00',1,0),(175,'LQD Wifi, LLC','','212-671-2181','',0,'','DELAWARE','Concept/Idea','','2015-07-10 02:16:18',0,0,0,0,0,0,0,0,0,0,0.00000,0.00000,0.00,0,0.00,0,0,0,0,0,0,0,1,0,1,0,0,0,'Other Technology','Randall Ramusack',NULL,1,'',3000000,1734031,1265969,'',0,'0001647394','Decline to Disclose','2014-12-24 08:00:00',7,180000),(176,'APImetrics Inc.','','206.972.1140','',0,'http://apimetrics.io/ ','DELAWARE','Concept/Idea','','2015-07-10 02:16:19',0,0,0,0,0,0,0,0,0,0,0.00000,0.00000,0.00,0,0.00,0,0,0,0,0,0,0,1,0,1,0,0,0,'Other Technology','David O\'Neil',NULL,1,'',500000,300000,200000,'',0,'0001621325','Decline to Disclose','2015-06-23 07:00:00',5,0),(177,'ELECTRIC CLOUD INC','','(408) 419-4300','',0,'http://electric-cloud.com/ ','DELAWARE','Concept/Idea','','2015-07-10 02:16:19',0,0,0,0,0,0,0,0,0,0,0.00000,0.00000,0.00,0,0.00,0,0,0,0,0,0,0,1,0,1,0,0,0,'Other Technology','Steven Vattuone',NULL,1,'',4732500,4244999,487501,'',0,'0001175319','Decline to Disclose','2015-07-01 07:00:00',22,0),(178,'Advanced Technology Applications Group, Inc.','','575-915-2265','',0,'','DELAWARE','Concept/Idea','','2015-07-10 02:16:20',0,0,0,0,0,0,0,0,0,0,0.00000,0.00000,0.00,0,0.00,0,0,0,0,0,0,0,1,0,1,0,0,0,'Other Technology','Camille Kauffman',NULL,1,'',250000,250000,0,'',250000,'0001646907','Decline to Disclose','2015-07-02 07:00:00',1,0),(179,'AquaBounty Technologies, Inc.','','978-648-6000','',0,'http://aquabounty.com/ ','DELAWARE','Concept/Idea','','2015-07-10 02:16:20',0,0,0,0,0,0,0,0,0,0,0.00000,0.00000,0.00,0,0.00,0,0,0,0,0,0,0,1,0,1,0,0,0,'Other Technology','David A. Frank',NULL,1,'',3000000,3000000,0,'',3000000,'0001603978','Decline to Disclose','2015-06-24 07:00:00',1,0),(180,'Chrome River Technologies, Inc.','','323 857-5800','',0,'https://www.chromeriver.com/ ','DELAWARE','Concept/Idea','','2015-07-10 02:16:21',0,0,0,0,0,0,0,0,0,0,0.00000,0.00000,0.00,0,0.00,0,0,0,0,0,0,0,1,0,1,0,0,0,'Other Technology','Alan Richeimer',NULL,1,'',99999989,99999989,0,'',0,'0001548971','Decline to Disclose','2015-06-25 07:00:00',2,0),(181,'Sticky Technologies LLC','','805-966-2440','',0,'','DELAWARE','Concept/Idea','','2015-07-10 02:16:21',0,0,0,0,0,0,0,0,0,0,0.00000,0.00000,0.00,0,0.00,0,0,0,0,0,0,0,1,0,1,0,0,0,'Other','Andrew Schydlowsky',NULL,1,'',1250000,585750,664250,'',0,'0001631901','Not Applicable','2014-12-31 08:00:00',5,0),(182,'Maplebear Inc.','','(910) 817-2278','',0,'','DELAWARE','Concept/Idea','','2015-07-13 20:24:22',0,0,0,0,0,0,0,0,0,0,0.00000,0.00000,0.00,0,0.00,0,0,0,0,0,0,0,1,0,1,0,0,0,'Computers','Apoorva Mehta',NULL,1,'',220187687,220164327,23360,'',0,'0001579091','Decline to Disclose','2014-12-15 08:00:00',21,0),(183,'Jukin Media, Inc.','','(323) 932-0960','',0,'https://www.jukinmedia.com/ ','CALIFORNIA','Concept/Idea','','2015-07-13 20:24:23',0,0,0,0,0,0,0,0,0,0,0.00000,0.00000,0.00,0,0.00,0,0,0,0,0,0,0,1,0,1,0,0,0,'Other Technology','Joseph Moschella',NULL,1,'',4000000,2000000,2000000,'',25000,'0001590257','$5,000,001 - $25,000,000','2015-06-29 07:00:00',1,0),(184,'WEFUNDER, INC.','','800-392-2313','',0,'','DELAWARE','Concept/Idea','','2015-07-13 20:24:24',0,0,0,0,0,0,0,0,0,0,0.00000,0.00000,0.00,0,0.00,0,0,0,0,0,0,0,1,0,1,0,0,0,'Other','NICHOLAS TOMMARELLO',NULL,1,'',7345000,6805379,539621,'',0,'0001641389','Decline to Disclose','2015-05-14 07:00:00',147,0),(185,'Matterport, Inc.','','650-400-6288','',0,'','DELAWARE','Concept/Idea','','2015-07-13 20:24:24',0,0,0,0,0,0,0,0,0,0,0.00000,0.00000,0.00,0,0.00,0,0,0,0,0,0,0,1,0,1,0,0,0,'Other Technology','Michael J. Sullivan',NULL,1,'',34999999,29999995,5000004,'',0,'0001544035','Decline to Disclose','2015-06-25 07:00:00',17,0),(186,'Planet Labs Inc.','','805-403-2096','',0,'','DELAWARE','Concept/Idea','','2015-07-13 20:24:25',0,0,0,0,0,0,0,0,0,0,0.00000,0.00000,0.00,0,0.00,0,0,0,0,0,0,0,1,0,1,0,0,0,'Other Technology','Michael J. Sullivan',NULL,1,'',132798690,106048691,26749999,'',0,'0001543165','Decline to Disclose','2015-06-25 07:00:00',44,0),(187,'RedOwl Analytics, Inc.','','(410) 528-8397','',0,'','DELAWARE','Concept/Idea','','2015-07-13 20:24:25',0,0,0,0,0,0,0,0,0,0,0.00000,0.00000,0.00,0,0.00,0,0,0,0,0,0,0,1,0,1,0,0,0,'Other Technology','Guy Filippelli',NULL,1,'',17472221,17472221,0,'',0,'0001587086','Decline to Disclose','2015-06-26 07:00:00',10,0),(188,'Worldwide Networks Inc.','','512-297-9250','',0,'','DELAWARE','Concept/Idea','','2015-07-13 20:24:26',0,0,0,0,0,0,0,0,0,0,0.00000,0.00000,0.00,0,0.00,0,0,0,0,0,0,0,1,0,1,0,0,0,'Other Technology','Clayton Spencer',NULL,1,'',1250000,1250000,0,'',0,'0001607028','Decline to Disclose','2015-07-02 07:00:00',2,300000),(189,'Bee Vectoring Technologies International Inc.','','604-638-8063','',0,'','BRITISH COLUMBIA, CANADA','Concept/Idea','','2015-07-13 20:24:26',0,0,0,0,0,0,0,0,0,0,0.00000,0.00000,0.00,0,0.00,0,0,0,0,0,0,0,1,0,1,0,0,0,'Other','Michael Collinson',NULL,1,'',105203,105203,0,'',0,'0001647821','Decline to Disclose','2015-06-30 07:00:00',3,0),(190,'Vehcon, Inc.','','404-343-3279','',0,'','GEORGIA','Concept/Idea','','2015-07-13 20:24:26',0,0,0,0,0,0,0,0,0,0,0.00000,0.00000,0.00,0,0.00,0,0,0,0,0,0,0,1,0,1,0,0,0,'Other Technology','Frederick Blumer',NULL,1,'',1000000,571736,428264,'',0,'0001579418','Decline to Disclose','2015-07-01 07:00:00',4,0),(191,'Near Field Magnetics, Inc.','','978-793-2328','',0,'http://www.nearfieldmagnetics.com/ ','NEW HAMPSHIRE','Concept/Idea','','2015-07-13 20:24:27',0,0,0,0,0,0,0,0,0,0,0.00000,0.00000,0.00,0,0.00,0,0,0,0,0,0,0,1,0,1,0,0,0,'Other Technology','David F. McManus',NULL,1,'',210000,105000,105000,'',0,'0001647872','No Revenues','2015-07-03 07:00:00',3,75000),(192,'SocialFlow, Inc.','','000-000-0000','',0,'','DELAWARE','Concept/Idea','','2015-07-13 20:24:27',0,0,0,0,0,0,0,0,0,0,0.00000,0.00000,0.00,0,0.00,0,0,0,0,0,0,0,1,0,1,0,0,0,'Other Technology','Jim Anderson',NULL,1,'',10000000,5049999,4950001,'',0,'0001485486','Decline to Disclose','2015-07-01 07:00:00',7,0),(193,'Zeel Networks, Inc.','','(877) 438-9335','',0,'','DELAWARE','Concept/Idea','','2015-07-13 20:24:28',0,0,0,0,0,0,0,0,0,0,0.00000,0.00000,0.00,0,0.00,0,0,0,0,0,0,0,1,0,1,0,0,0,'Other','Samer Hamadeh',NULL,1,'',1000000,1000000,0,'',0,'0001495029','Decline to Disclose','2015-06-30 07:00:00',8,0),(194,'Bomb City Film, LLC','','(806)236-3127','',0,'','TEXAS','Concept/Idea','','2015-07-13 20:24:28',0,0,0,0,0,0,0,0,0,0,0.00000,0.00000,0.00,0,0.00,0,0,0,0,0,0,0,1,0,1,0,0,0,'Other','Major Dodge',NULL,1,'',625000,125000,500000,'',25000,'0001647889','Decline to Disclose','2015-06-26 07:00:00',3,0),(195,'ROI, Inc.','','614-559-2257','',0,'','FLORIDA','Concept/Idea','','2015-07-13 20:24:29',0,0,0,0,0,0,0,0,0,0,0.00000,0.00000,0.00,0,0.00,0,0,0,0,0,0,0,1,0,1,0,0,0,'Other Technology','Mark D. Kairalla',NULL,1,'',1000000,0,1000000,'',100000,'0001613655','$1 - $1,000,000','0000-00-00 00:00:00',0,383000),(196,'NetBeez, Inc.','','844-638-2339','',0,'http://netbeez.net/ ','DELAWARE','Concept/Idea','','2015-07-13 20:24:29',0,0,0,0,0,0,0,0,0,0,0.00000,0.00000,0.00,0,0.00,0,0,0,0,0,0,0,1,0,1,0,0,0,'Computers','Stefano Gridelli',NULL,1,'',200000,0,200000,'',25000,'0001647707','Decline to Disclose','0000-00-00 00:00:00',0,0),(197,'Sudo Security Group, Inc.','','860-501-2825','',0,'','DELAWARE','Concept/Idea','','2015-07-13 20:24:29',0,0,0,0,0,0,0,0,0,0,0.00000,0.00000,0.00,0,0.00,0,0,0,0,0,0,0,1,0,1,0,0,0,'Other Technology','Joseph William Strafach',NULL,1,'',111764,100000,11764,'',0,'0001647541','Decline to Disclose','2015-06-23 07:00:00',1,0),(198,'Wannado, Inc','','916-494-9111','',0,'https://www.wannadolocal.com ','TENNESSEE','Concept/Idea','','2015-07-13 20:24:30',0,0,0,0,0,0,0,0,0,0,0.00000,0.00000,0.00,0,0.00,0,0,0,0,0,0,0,1,0,1,0,0,0,'Other Technology','L. Steven Buhrman',NULL,1,'',750000,346670,403330,'',0,'0001647668','Decline to Disclose','2015-03-10 07:00:00',7,0),(199,'access.mobile,Inc.','','202-286-4052','',0,'','COLORADO','Concept/Idea','','2015-07-13 20:24:30',0,0,0,0,0,0,0,0,0,0,0.00000,0.00000,0.00,0,0.00,0,0,0,0,0,0,0,1,0,1,0,0,0,'Computers','Josiah O. Hatch',NULL,1,'',1200000,400000,800000,'',0,'0001577284','$1 - $1,000,000','2015-06-25 07:00:00',1,0),(200,'E-Circuit Motors, Inc.','','978-254-3344','',0,'','DELAWARE','Concept/Idea','','2015-07-13 20:24:31',0,0,0,0,0,0,0,0,0,0,0.00000,0.00000,0.00,0,0.00,0,0,0,0,0,0,0,1,0,1,0,0,0,'Other Technology','C. David Chase',NULL,1,'',10000000,7250000,2750000,'',200000,'0001647561','Decline to Disclose','2015-06-26 07:00:00',11,0),(201,'Trucker Path, Inc.','','(347) 549-5684','',0,'https://truckerpath.com/ ','DELAWARE','Concept/Idea','','2015-07-13 20:24:31',0,0,0,0,0,0,0,0,0,0,0.00000,0.00000,0.00,0,0.00,0,0,0,0,0,0,0,1,0,1,0,0,0,'Other Technology','Ivan Tsybaev',NULL,1,'',20000000,20000000,0,'',0,'0001630479','Not Applicable','2015-06-26 07:00:00',2,0),(202,'RiskLens, Inc.','','866-936-0191','',0,'http://www.risklens.com/ ','WASHINGTON','Concept/Idea','','2015-07-13 20:24:32',0,0,0,0,0,0,0,0,0,0,0.00000,0.00000,0.00,0,0.00,0,0,0,0,0,0,0,1,0,1,0,0,0,'Other Technology','Steven Tabacek',NULL,1,'',600000,600000,0,'',0,'0001647603','Decline to Disclose','2015-07-06 07:00:00',2,0),(203,'DATAGLEN Inc.','','91(96322)44690','',0,'','DELAWARE','Concept/Idea','','2015-07-13 20:24:32',0,0,0,0,0,0,0,0,0,0,0.00000,0.00000,0.00,0,0.00,0,0,0,0,0,0,0,1,0,1,0,0,0,'Computers','Devasenapathi Seetharamakrishnan',NULL,1,'',250000,125000,125000,'',0,'0001647680','No Revenues','2015-06-26 07:00:00',2,60000),(204,'Bloomz Inc.','','425.615.4180','',0,'','DELAWARE','Concept/Idea','','2015-07-13 20:24:33',0,0,0,0,0,0,0,0,0,0,0.00000,0.00000,0.00,0,0.00,0,0,0,0,0,0,0,1,0,1,0,0,0,'Other Technology','Chakrapani Appalabattula',NULL,1,'',75000,75000,0,'',0,'0001596873','Decline to Disclose','2015-06-26 07:00:00',3,0),(205,'Fraud Protection Network, Inc.','','855-203-0683','',0,'https://fraudprotectionnetwork.com/ ','FLORIDA','Concept/Idea','','2015-07-13 20:24:33',0,0,0,0,0,0,0,0,0,0,0.00000,0.00000,0.00,0,0.00,0,0,0,0,0,0,0,1,0,1,0,0,0,'Other Technology','Edward Margolin',NULL,1,'',1000000,112500,887500,'',25000,'0001580276','$1 - $1,000,000','2015-07-07 07:00:00',2,120000),(206,'Momentum Dynamics Corp','','484-320-8222','',0,'http://www.momentumdynamics.com/ ','DELAWARE','Concept/Idea','','2015-07-13 20:24:33',0,0,0,0,0,0,0,0,0,0,0.00000,0.00000,0.00,0,0.00,0,0,0,0,0,0,0,1,0,1,0,0,0,'Other Technology','Andrew W. Daga',NULL,1,'',5000000,1582450,3417550,'',0,'0001514752','Decline to Disclose','2014-06-04 07:00:00',37,0),(207,'Zesty, Inc.','','415-857-0627','',0,'https://www.zesty.com/ ','DELAWARE','Concept/Idea','','2015-07-13 20:24:34',0,0,0,0,0,0,0,0,0,0,0.00000,0.00000,0.00,0,0.00,0,0,0,0,0,0,0,1,0,1,0,0,0,'Other Technology','David Langer',NULL,1,'',20389149,19564207,824942,'',0,'0001647742','Decline to Disclose','2015-06-25 07:00:00',71,0),(208,'Nuvotronics, Inc.','','(800) 341-2333','',0,'','DELAWARE','Concept/Idea','','2015-07-13 20:24:34',0,0,0,0,0,0,0,0,0,0,0.00000,0.00000,0.00,0,0.00,0,0,0,0,0,0,0,1,0,1,0,0,0,'Other Technology','Amy P. Wheeler',NULL,1,'',15000001,15000001,0,'',7500000,'0001440895','Decline to Disclose','2015-06-30 07:00:00',2,0),(209,'RadiumOne, Inc.','','415-418-2840','',0,'https://radiumone.com/ ','DELAWARE','Concept/Idea','','2015-07-13 20:24:35',0,0,0,0,0,0,0,0,0,0,0.00000,0.00000,0.00,0,0.00,0,0,0,0,0,0,0,1,0,1,0,0,0,'Other Technology','Anna Baird',NULL,1,'',23800000,23400000,400000,'',0,'0001478350','Decline to Disclose','2015-06-26 07:00:00',15,0),(210,'BDEX, LLC','','954-341-7988','',0,'','DELAWARE','Concept/Idea','','2015-07-13 20:24:35',0,0,0,0,0,0,0,0,0,0,0.00000,0.00000,0.00,0,0.00,0,0,0,0,0,0,0,1,0,1,0,0,0,'Other Technology','David Finkelstein',NULL,1,'',325000,200000,125000,'',25000,'0001593498','$1 - $1,000,000','2015-06-29 07:00:00',2,0),(211,'Social SafeGuard, Inc.','','(434) 207-4265','',0,'http://www.socialsafeguard.com/ ','DELAWARE','Concept/Idea','','2015-07-13 20:24:36',0,0,0,0,0,0,0,0,0,0,0.00000,0.00000,0.00,0,0.00,0,0,0,0,0,0,0,1,0,1,0,0,0,'Other Technology','James P. Zuffoletti',NULL,1,'',5234287,3857065,1377222,'',0,'0001471797','Decline to Disclose','2015-06-26 07:00:00',12,0),(212,'Maxi Mobility, Inc.','','34635887364','',0,'','DELAWARE','Concept/Idea','','2015-07-15 00:15:52',0,0,0,0,0,0,0,0,0,0,0.00000,0.00000,0.00,0,0.00,0,0,0,0,0,0,0,1,0,1,0,0,0,'Other Technology','Juan de Antonio',NULL,1,'',11759484,3499882,8259602,'',0,'0001648080','Decline to Disclose','2015-06-29 07:00:00',4,0),(213,'CATCHPOINT SYSTEMS, INC.','','877-240-4450','',0,'','DELAWARE','Concept/Idea','','2015-07-15 00:15:52',0,0,0,0,0,0,0,0,0,0,0.00000,0.00000,0.00,0,0.00,0,0,0,0,0,0,0,1,0,1,0,0,0,'Computers','Mehdi Daoudi',NULL,1,'',6500054,6500054,0,'',0,'0001477995','Decline to Disclose','2015-06-30 07:00:00',12,0),(214,'xTV Networks Ltd','','61 405 555 618','',0,'','AUSTRALIA','Concept/Idea','','2015-07-15 00:15:53',0,0,0,0,0,0,0,0,0,0,0.00000,0.00000,0.00,0,0.00,0,0,0,0,0,0,0,1,0,1,0,0,0,'Other Technology','Thomas P. Reynolds by Natalia Yaroshevskiy, Attorney in Fact',NULL,1,'',130279,28967,101312,'',0,'0001646791','Decline to Disclose','2015-06-30 07:00:00',9,0),(215,'Chalk Digital, Inc.','','858-880-0193','',0,'','DELAWARE','Concept/Idea','','2015-07-15 00:15:54',0,0,0,0,0,0,0,0,0,0,0.00000,0.00000,0.00,0,0.00,0,0,0,0,0,0,0,1,0,1,0,0,0,'Other Technology','Craig Hagopian',NULL,1,'',2000000,749999,1250001,'',0,'0001648044','Decline to Disclose','2015-06-30 07:00:00',5,0),(216,'BlueCava, Inc.','','949.861.9539','',0,'http://bluecava.com/ ','DELAWARE','Concept/Idea','','2015-07-15 00:15:55',0,0,0,0,0,0,0,0,0,0,0.00000,0.00000,0.00,0,0.00,0,0,0,0,0,0,0,1,0,1,0,0,0,'Other Technology','Reagan Sakai',NULL,1,'',2000000,1500000,500000,'',0,'0001502330','Decline to Disclose','2015-07-13 07:00:00',4,0),(217,'AirMap, Inc.','','310-883-5064','',0,'','DELAWARE','Concept/Idea','','2015-07-15 00:15:55',0,0,0,0,0,0,0,0,0,0,0.00000,0.00000,0.00,0,0.00,0,0,0,0,0,0,0,1,0,1,0,0,0,'Other Technology','Benjamin Marcus',NULL,1,'',2683250,2558248,125002,'',0,'0001647763','Decline to Disclose','2015-06-30 07:00:00',10,0),(218,'Shelfbucks, Inc.','','512-782-4201','',0,'http://www.shelfbucks.com/ ','DELAWARE','Concept/Idea','','2015-07-15 00:15:56',0,0,0,0,0,0,0,0,0,0,0.00000,0.00000,0.00,0,0.00,0,0,0,0,0,0,0,1,0,1,0,0,0,'Other Technology','Erik McMillan',NULL,1,'',10000000,2784169,7215831,'',5000,'0001606392','$1 - $1,000,000','2014-10-01 07:00:00',56,0),(219,'Innovu, LLC','','412-212-7520','',0,'http://innovu.com/ ','DELAWARE','Concept/Idea','','2015-07-15 00:15:56',0,0,0,0,0,0,0,0,0,0,0.00000,0.00000,0.00,0,0.00,0,0,0,0,0,0,0,1,0,1,0,0,0,'Other Technology','Patrick B. Stewart',NULL,1,'',0,1675000,0,'',25000,'0001639256','$1 - $1,000,000','2015-07-03 07:00:00',10,0),(220,'LUCID DESIGN GROUP, INC.','','510-907-0400','',0,'https://www.lucidconnects.com/ ','DELAWARE','Concept/Idea','','2015-07-15 00:15:57',0,0,0,0,0,0,0,0,0,0,0.00000,0.00000,0.00,0,0.00,0,0,0,0,0,0,0,1,0,1,0,0,0,'Other Technology','Vladislav Shunturov',NULL,1,'',15678859,15678859,0,'',0,'0001339528','Decline to Disclose','2014-05-30 07:00:00',21,0),(221,'BabyPage, Inc.','','(505) 221-6294','',0,'','DELAWARE','Concept/Idea','','2015-07-15 00:15:57',0,0,0,0,0,0,0,0,0,0,0.00000,0.00000,0.00,0,0.00,0,0,0,0,0,0,0,1,0,1,0,0,0,'Other Technology','Zachary Lerner',NULL,1,'',526933,526933,0,'',0,'0001646801','No Revenues','2015-06-29 07:00:00',3,100000),(222,'OnCircle, Inc.','','650-714-0818','',0,'','DELAWARE','Concept/Idea','','2015-07-15 00:15:58',0,0,0,0,0,0,0,0,0,0,0.00000,0.00000,0.00,0,0.00,0,0,0,0,0,0,0,1,0,1,0,0,0,'Other','Michael Janssen',NULL,1,'',4422327,4422327,0,'',0,'0001565328','Decline to Disclose','2015-06-30 07:00:00',11,0),(223,'Pegasus Solar Inc','','408 638 9655','',0,'http://pegasussolar.com/ ','DELAWARE','Concept/Idea','','2015-07-15 00:15:59',0,0,0,0,0,0,0,0,0,0,0.00000,0.00000,0.00,0,0.00,0,0,0,0,0,0,0,1,0,1,0,0,0,'Other Technology','Erich Kai Stephan',NULL,1,'',3134397,2659396,475001,'',0,'0001647465','Decline to Disclose','2015-06-30 07:00:00',11,0),(224,'KYNDI, INC.','','917.374.5531','',0,'','DELAWARE','Concept/Idea','','2015-07-15 00:15:59',0,0,0,0,0,0,0,0,0,0,0.00000,0.00000,0.00,0,0.00,0,0,0,0,0,0,0,1,0,1,0,0,0,'Other Technology','JAMES RYAN WELSH',NULL,1,'',1099474,1099474,0,'',0,'0001648016','Decline to Disclose','2015-07-01 07:00:00',4,0),(225,'Terbium Labs, LLC','','(844) 832-2486','',0,'https://terbiumlabs.com/ ','MARYLAND','Concept/Idea','','2015-07-15 00:15:59',0,0,0,0,0,0,0,0,0,0,0.00000,0.00000,0.00,0,0.00,0,0,0,0,0,0,0,1,0,1,0,0,0,'Computers','Daniel Rogers',NULL,1,'',2272000,2272000,0,'',0,'0001644142','Decline to Disclose','2015-05-29 07:00:00',29,400000),(226,'Mimeo Labs, Inc.','','424-238-3343','',0,'','DELAWARE','Concept/Idea','','2015-07-15 00:16:00',0,0,0,0,0,0,0,0,0,0,0.00000,0.00000,0.00,0,0.00,0,0,0,0,0,0,0,1,0,1,0,0,0,'Other Technology','Edward Park',NULL,1,'',749999,99999,650000,'',0,'0001647791','Decline to Disclose','2015-07-02 07:00:00',1,0),(227,'Green Box Dispenser Inc.','','661-673-5415','',0,'','NEVADA','Concept/Idea','','2015-07-15 00:16:00',0,0,0,0,0,0,0,0,0,0,0.00000,0.00000,0.00,0,0.00,0,0,0,0,0,0,0,1,0,1,0,0,0,'Other Technology','Mark Kramme',NULL,1,'',18000000,0,18000000,'',10000,'0001647637','No Revenues','0000-00-00 00:00:00',0,0),(228,'ACADIASOFT INC','','781-285-4395','',0,'http://www.acadiasoft.com/ ','DELAWARE','Concept/Idea','','2015-07-15 00:16:01',0,0,0,0,0,0,0,0,0,0,0.00000,0.00000,0.00,0,0.00,0,0,0,0,0,0,0,1,0,1,0,0,0,'Other Technology','Christopher Walsh',NULL,1,'',30000000,30000000,0,'',0,'0001366821','Decline to Disclose','2015-06-29 07:00:00',7,0),(229,'Useed, Inc.','','(302) 729-2027','',0,'','DELAWARE','Concept/Idea','','2015-07-15 00:16:01',0,0,0,0,0,0,0,0,0,0,0.00000,0.00000,0.00,0,0.00,0,0,0,0,0,0,0,1,0,1,0,0,0,'Other','Brian Sowards',NULL,1,'',675000,324000,351000,'',0,'0001563603','Decline to Disclose','2015-06-30 07:00:00',1,0),(230,'P97 Networks, Inc.,','','713-588-4200','',0,'http://www.p97.com/ ','DELAWARE','Concept/Idea','','2015-07-15 00:16:02',0,0,0,0,0,0,0,0,0,0,0.00000,0.00000,0.00,0,0.00,0,0,0,0,0,0,0,1,0,1,0,0,0,'Other Technology','Sharon Brown',NULL,1,'',10000000,9054000,946000,'',0,'0001628236','Decline to Disclose','2014-12-15 08:00:00',29,0),(231,'BOI Solutions, Inc.','','937-859-3100','',0,'','OHIO','Concept/Idea','','2015-07-15 00:16:02',0,0,0,0,0,0,0,0,0,0,0.00000,0.00000,0.00,0,0.00,0,0,0,0,0,0,0,1,0,1,0,0,0,'Other Technology','William Othick',NULL,1,'',750000,250000,500000,'',12500,'0001647883','Decline to Disclose','2015-06-26 07:00:00',9,0),(232,'Studio Distilling, LLC','','612-747-5771','',0,'','MINNESOTA','Concept/Idea','','2015-07-15 00:16:03',0,0,0,0,0,0,0,0,0,0,0.00000,0.00000,0.00,0,0.00,0,0,0,0,0,0,0,1,0,1,0,0,0,'Other','Bradley Rolfs',NULL,1,'',400000,25000,375000,'',1000,'0001647914','No Revenues','2015-07-08 07:00:00',1,50000),(233,'Kwiii, LLC','','916-402-0157','',0,'','CALIFORNIA','Concept/Idea','','2015-07-15 00:16:03',0,0,0,0,0,0,0,0,0,0,0.00000,0.00000,0.00,0,0.00,0,0,0,0,0,0,0,1,0,1,0,0,0,'Other','Nasir N. Pasha',NULL,1,'',362500,23000,339500,'',12500,'0001647964','No Revenues','2015-07-02 07:00:00',2,0),(234,'Jebbit, Inc.','','508-380-0047','',0,'http://www.jebbit.com/ ','DELAWARE','Concept/Idea','','2015-07-15 00:16:04',0,0,0,0,0,0,0,0,0,0,0.00000,0.00000,0.00,0,0.00,0,0,0,0,0,0,0,1,0,1,0,0,0,'Other Technology','Thomas Coburn',NULL,1,'',3500000,1511994,1988006,'',0,'0001584483','Decline to Disclose','2015-06-30 07:00:00',14,0),(235,'ReferralMob, Inc.','','404-394-9796','',0,'http://referralmob.com/ ','MASSACHUSETTS','Concept/Idea','','2015-07-15 00:16:04',0,0,0,0,0,0,0,0,0,0,0.00000,0.00000,0.00,0,0.00,0,0,0,0,0,0,0,1,0,1,0,0,0,'Other Technology','David Samuels',NULL,1,'',2005527,1505527,500000,'',0,'0001647257','Decline to Disclose','2015-06-29 07:00:00',25,0),(236,'KEYEDIN SOLUTIONS HOLDINGS, INC.','','877-932-4402','',0,'http://www.keyedin.com/ ','DELAWARE','Concept/Idea','','2015-07-15 00:16:05',0,0,0,0,0,0,0,0,0,0,0.00000,0.00000,0.00,0,0.00,0,0,0,0,0,0,0,1,0,1,0,0,0,'Other Technology','Karen Adame',NULL,1,'',7522500,2695562,4826938,'',0,'0001559332','Decline to Disclose','2015-06-29 07:00:00',3,0),(237,'Livehouse Media, Inc.','','310-597-1239','',0,'http://www.livehousemedia.com/ ','CALIFORNIA','Concept/Idea','','2015-07-15 00:16:05',0,0,0,0,0,0,0,0,0,0,0.00000,0.00000,0.00,0,0.00,0,0,0,0,0,0,0,1,0,1,0,0,0,'Other Technology','Karl Rogers',NULL,1,'',1758000,1006327,751673,'',0,'0001639642','Decline to Disclose','2015-06-12 07:00:00',23,0),(238,'Digital Ocean, Inc.','','341-985-0306','',0,'https://www.digitalocean.com/ ','DELAWARE','Concept/Idea','','2015-07-15 00:16:06',0,0,0,0,0,0,0,0,0,0,0.00000,0.00000,0.00,0,0.00,0,0,0,0,0,0,0,1,0,1,0,0,0,'Other','Ben Uretsky',NULL,1,'',82999961,82999961,0,'',0,'0001582961','Decline to Disclose','2015-06-29 07:00:00',3,10000050),(239,'TORRENTIAL, INC.','','203.273.6205','',0,'','DELAWARE','Concept/Idea','','2015-07-15 00:16:06',0,0,0,0,0,0,0,0,0,0,0.00000,0.00000,0.00,0,0.00,0,0,0,0,0,0,0,1,0,1,0,0,0,'Other Technology','DOUGLAS MCCURDY',NULL,1,'',500000,500000,0,'',25000,'0001576049','Decline to Disclose','2015-06-30 07:00:00',1,0),(240,'HeatMatrix LLC','','3035200752','',0,'','COLORADO','Concept/Idea','','2015-07-15 00:16:06',0,0,0,0,0,0,0,0,0,0,0.00000,0.00000,0.00,0,0.00,0,0,0,0,0,0,0,1,0,1,0,0,0,'Other Technology','Darin Inglish',NULL,1,'',0,150000,0,'',5000,'0001645137','No Revenues','2015-06-30 07:00:00',6,5000),(241,'Dinner Lab, Inc.','','504-301-8086','',0,'https://dinnerlab.com/ ','DELAWARE','Concept/Idea','','2015-07-15 00:16:07',0,0,0,0,0,0,0,0,0,0,0.00000,0.00000,0.00,0,0.00,0,0,0,0,0,0,0,1,0,1,0,0,0,'Other','Zachary Kupperman',NULL,1,'',5300000,3701302,1598698,'',0,'0001605145','Decline to Disclose','2015-06-30 07:00:00',17,0),(242,'DART MUSIC, INC.','','615-542-0368','',0,'','TENNESSEE','Concept/Idea','','2015-07-15 00:16:07',0,0,0,0,0,0,0,0,0,0,0.00000,0.00000,0.00,0,0.00,0,0,0,0,0,0,0,1,0,1,0,0,0,'Other Technology','Chris McMurtry',NULL,1,'',1150000,1150000,0,'',0,'0001646359','Decline to Disclose','2015-02-23 08:00:00',7,0),(243,'JS Kred SPV I, LLC','','650-388-2243','',0,'','DELAWARE','Concept/Idea','','2015-07-15 00:16:08',0,0,0,0,0,0,0,0,0,0,0.00000,0.00000,0.00,0,0.00,0,0,0,0,0,0,0,1,0,1,0,0,0,'Other Technology','Jon Soberg',NULL,1,'',0,6431999,0,'',0,'0001647789','Decline to Disclose','2015-06-29 07:00:00',20,400000),(244,'Aquicore, Inc.','','321-543-9928','',0,'','DELAWARE','Concept/Idea','','2015-07-16 20:52:38',0,0,0,0,0,0,0,0,0,0,0.00000,0.00000,0.00,0,0.00,0,0,0,0,0,0,0,1,0,1,0,0,0,'Other Technology','Logan Soya',NULL,1,'',3250000,1490959,1759041,'',0,'0001596463','Decline to Disclose','2015-06-30 07:00:00',17,0),(245,'Society Unlimited, LLC','','877-267-6103','',0,'','OHIO','Concept/Idea','','2015-07-16 20:52:38',0,0,0,0,0,0,0,0,0,0,0.00000,0.00000,0.00,0,0.00,0,0,0,0,0,0,0,1,0,1,0,0,0,'Other','Peter S. Resnik',NULL,1,'',1600000,425000,1175000,'',25000,'0001647870','$1,000,001 - $5,000,000','2015-06-22 07:00:00',8,140000),(246,'TABULATE, INC.','','312-236-3003','',0,'http://tabulate.com/ ','DELAWARE','Concept/Idea','','2015-07-16 20:52:39',0,0,0,0,0,0,0,0,0,0,0.00000,0.00000,0.00,0,0.00,0,0,0,0,0,0,0,1,0,1,0,0,0,'Other Technology','JAMES P MOSKOSKY',NULL,1,'',2000000,2000000,0,'',25000,'0001618137','Decline to Disclose','2015-07-14 07:00:00',2,0),(247,'Make Meaning, Inc.','','646-307-5902','',0,'','DELAWARE','Concept/Idea','','2015-07-16 20:52:40',0,0,0,0,0,0,0,0,0,0,0.00000,0.00000,0.00,0,0.00,0,0,0,0,0,0,0,1,0,1,0,0,0,'Other','William R. Engles, Jr.',NULL,1,'',900000,752513,147487,'',0,'0001535018','Decline to Disclose','2015-07-02 07:00:00',11,0),(248,'Gamaya Inc.','','408-410-0163','',0,'','CALIFORNIA','Concept/Idea','','2015-07-16 20:52:40',0,0,0,0,0,0,0,0,0,0,0.00000,0.00000,0.00,0,0.00,0,0,0,0,0,0,0,1,0,1,0,0,0,'Other','Narayanan Vaidyanathan',NULL,1,'',1500000,1300000,200000,'',0,'0001642502','Decline to Disclose','2015-05-06 07:00:00',11,0),(249,'Pointivo, Inc.','','678-801-6223','',0,'','DELAWARE','Concept/Idea','','2015-07-16 20:52:41',0,0,0,0,0,0,0,0,0,0,0.00000,0.00000,0.00,0,0.00,0,0,0,0,0,0,0,1,0,1,0,0,0,'Other Technology','Dan Ciprari',NULL,1,'',777000,777000,0,'',0,'0001648026','Decline to Disclose','2015-06-30 07:00:00',5,0),(250,'LiveFrom.Me, Inc.','','424-252-1517','',0,'','DELAWARE','Concept/Idea','','2015-07-16 20:52:41',0,0,0,0,0,0,0,0,0,0,0.00000,0.00000,0.00,0,0.00,0,0,0,0,0,0,0,1,0,1,0,0,0,'Other Technology','Jason Clements',NULL,1,'',100000,100000,0,'',0,'0001626139','Decline to Disclose','2015-06-30 07:00:00',1,0),(251,'Liquidity Nanotech Corp','','510-522-1735','',0,'http://liquico.com/ ','DELAWARE','Concept/Idea','','2015-07-16 20:52:42',0,0,0,0,0,0,0,0,0,0,0.00000,0.00000,0.00,0,0.00,0,0,0,0,0,0,0,1,0,1,0,0,0,'Other Technology','Victor H. Hwang',NULL,1,'',1500000,1300000,200000,'',0,'0001532851','Decline to Disclose','2015-06-29 07:00:00',6,0),(252,'Restorando, Inc.','','59 911 3069 9629','',0,'','DELAWARE','Concept/Idea','','2015-07-16 20:52:42',0,0,0,0,0,0,0,0,0,0,0.00000,0.00000,0.00,0,0.00,0,0,0,0,0,0,0,1,0,1,0,0,0,'Other Technology','Rodolfo Francisco Martin',NULL,1,'',7500003,7500003,0,'',0,'0001540251','Decline to Disclose','2015-07-02 07:00:00',9,0),(253,'HEALTHSPACE INFORMATICS LTD','','604-629-5977','',0,'','BRITISH COLUMBIA, CANADA','Concept/Idea','','2015-07-16 20:52:43',0,0,0,0,0,0,0,0,0,0,0.00000,0.00000,0.00,0,0.00,0,0,0,0,0,0,0,1,0,1,0,0,0,'Other Technology','Ali Hakimzadeh',NULL,1,'',8939,8939,0,'',0,'0001648031','Decline to Disclose','2015-04-02 07:00:00',1,0),(254,'Malauzai Software, Inc.','','818-914-6288','',0,'http://www.malauzai.com/ ','DELAWARE','Concept/Idea','','2015-07-17 04:02:27',0,0,0,0,0,0,0,0,0,0,0.00000,0.00000,0.00,0,0.00,0,0,0,0,0,0,0,1,0,1,0,0,0,'Other Technology','Tom T. Shen',NULL,1,'',10999998,10999998,0,'',0,'0001513549','Decline to Disclose','2015-07-02 07:00:00',1,0),(255,'Productgram, Inc.','','512-363-6409','',0,'','DELAWARE','Concept/Idea','','2015-07-17 04:02:29',0,0,0,0,0,0,0,0,0,0,0.00000,0.00000,0.00,0,0.00,0,0,0,0,0,0,0,1,0,1,0,0,0,'Other','Nicolas Bayerque',NULL,1,'',3684681,1824369,1860312,'',0,'0001597413','Decline to Disclose','2015-07-01 07:00:00',19,0),(256,'ZEBRA IMAGING INC','','5122515100','',0,'http://www.zebraimaging.com/ ','TEXAS','Concept/Idea','','2015-07-17 04:02:30',0,0,0,0,0,0,0,0,0,0,0.00000,0.00000,0.00,0,0.00,0,0,0,0,0,0,0,1,0,1,0,0,0,'Other Technology','Charles P. Scullion',NULL,1,'',3000000,2300193,699807,'',0,'0001052348','Decline to Disclose','2015-07-07 07:00:00',4,0),(257,'TW LRW Holdings, LLC','','212-271-4911','',0,'','DELAWARE','Concept/Idea','','2015-07-17 04:02:31',0,0,0,0,0,0,0,0,0,0,0.00000,0.00000,0.00,0,0.00,0,0,0,0,0,0,0,1,0,1,0,0,0,'Other Technology','Adam Stulberger',NULL,1,'',0,14041700,0,'',0,'0001647755','Over $100,000,000','2015-06-30 07:00:00',11,0),(258,'MYMOBILEWATCHDOG, INC.','','888-377-8200','',0,'','NEVADA','Concept/Idea','','2015-07-17 04:02:32',0,0,0,0,0,0,0,0,0,0,0.00000,0.00000,0.00,0,0.00,0,0,0,0,0,0,0,1,0,1,0,0,0,'Other Technology','Timothy Allard',NULL,1,'',5000000,4022496,977504,'',0,'0001614561','Decline to Disclose','2014-07-21 07:00:00',34,0),(259,'Mobile Corp','','818-262-0038','',0,'','NEVADA','Concept/Idea','','2015-07-17 04:02:33',0,0,0,0,0,0,0,0,0,0,0.00000,0.00000,0.00,0,0.00,0,0,0,0,0,0,0,1,0,1,0,0,0,'Other Technology','Michael D. Silberman',NULL,1,'',24750000,8653237,16096763,'',1,'0001600556','Decline to Disclose','2015-01-12 08:00:00',83,0),(260,'Cintric LLC','','9258761102','',0,'','OHIO','Concept/Idea','','2015-07-17 04:02:34',0,0,0,0,0,0,0,0,0,0,0.00000,0.00000,0.00,0,0.00,0,0,0,0,0,0,0,1,0,1,0,0,0,'Other Technology','Connor Bowlan',NULL,1,'',1200000,622567,577433,'',5000,'0001648169','Decline to Disclose','2015-06-30 07:00:00',5,0),(261,'International Biomedical Devices, Inc.','','843-856-8479','',0,'','SOUTH CAROLINA','Concept/Idea','','2015-07-17 04:02:35',0,0,0,0,0,0,0,0,0,0,0.00000,0.00000,0.00,0,0.00,0,0,0,0,0,0,0,1,0,1,0,0,0,'Other Technology','James T. H. Buxton',NULL,1,'',1800011,1800011,0,'',150000,'0001627005','No Revenues','2015-06-30 07:00:00',5,100000),(262,'Hyla, Inc.','','972-573-0300','',0,'','DELAWARE','Concept/Idea','','2015-07-17 04:02:36',0,0,0,0,0,0,0,0,0,0,0.00000,0.00000,0.00,0,0.00,0,0,0,0,0,0,0,1,0,1,0,0,0,'Other','Richard Jones',NULL,1,'',8451001,1499999,6951002,'',0,'0001534594','Decline to Disclose','2015-06-24 07:00:00',68,0),(263,'QSpex Technologies Inc','','(855) 787-7739','',0,'','DELAWARE','Concept/Idea','','2015-07-18 01:19:13',0,0,0,0,0,0,0,0,0,0,0.00000,0.00000,0.00,0,0.00,0,0,0,0,0,0,0,1,0,1,0,0,0,'Other Technology','Karen Reid',NULL,1,'',40000000,34467000,5533000,'',25000,'0001418588','Decline to Disclose','2013-10-11 07:00:00',28,1000000),(264,'Step Ahead Innovations, Inc.','','802-233-0211','',0,'','DELAWARE','Concept/Idea','','2015-07-18 01:19:14',0,0,0,0,0,0,0,0,0,0,0.00000,0.00000,0.00,0,0.00,0,0,0,0,0,0,0,1,0,1,0,0,0,'Other Technology','Afi Ahmadi, Esq.',NULL,1,'',250165,50033,200132,'',25016,'0001559971','Decline to Disclose','2015-07-08 07:00:00',1,0),(265,'CTL FILMS LLC','','9494539331','',0,'','DELAWARE','Concept/Idea','','2015-07-18 01:19:15',0,0,0,0,0,0,0,0,0,0,0.00000,0.00000,0.00,0,0.00,0,0,0,0,0,0,0,1,0,1,0,0,0,'Other','Richard Sandfer',NULL,1,'',20000000,0,20000000,'',100000,'0001592573','No Revenues','0000-00-00 00:00:00',0,150000),(266,'Growth Geeks Inc.','','859-230-8498','',0,'','DELAWARE','Concept/Idea','','2015-07-18 01:19:15',0,0,0,0,0,0,0,0,0,0,0.00000,0.00000,0.00,0,0.00,0,0,0,0,0,0,0,1,0,1,0,0,0,'Computers','Michael B. Taylor',NULL,1,'',100000,100000,0,'',100000,'0001621689','$1 - $1,000,000','2015-07-10 07:00:00',1,20000),(267,'Markodojo Inc.','','4156018914','',0,'','DELAWARE','Concept/Idea','','2015-07-18 01:19:16',0,0,0,0,0,0,0,0,0,0,0.00000,0.00000,0.00,0,0.00,0,0,0,0,0,0,0,1,0,1,0,0,0,'Computers','Joel York',NULL,1,'',200,152,48,'',1,'0001595181','$1 - $1,000,000','2015-07-16 07:00:00',1,0),(268,'Argos Risk LLC','','(952) 314-1291','',0,'','DELAWARE','Concept/Idea','','2015-07-18 01:19:17',0,0,0,0,0,0,0,0,0,0,0.00000,0.00000,0.00,0,0.00,0,0,0,0,0,0,0,1,0,1,0,0,0,'Other Technology','Lori Frank',NULL,1,'',400000,200000,200000,'',50000,'0001535408','Decline to Disclose','2015-07-03 07:00:00',1,0),(269,'Prohbtd Media, Inc.','','310-741-9892','',0,'','CALIFORNIA','Concept/Idea','','2015-07-18 01:19:18',0,0,0,0,0,0,0,0,0,0,0.00000,0.00000,0.00,0,0.00,0,0,0,0,0,0,0,1,0,1,0,0,0,'Other','Kyle Funn',NULL,1,'',2000000,500166,1499834,'',0,'0001646345','Decline to Disclose','2015-07-10 07:00:00',19,0),(270,'Host Committee, Inc.','','000-000-0000','',0,'http://www.commissionsinc.com/ ','DELAWARE','Concept/Idea','','2015-07-18 01:19:19',0,0,0,0,0,0,0,0,0,0,0.00000,0.00000,0.00,0,0.00,0,0,0,0,0,0,0,1,0,1,0,0,0,'Other Technology','Vanessa Liu',NULL,1,'',4999968,4253120,746848,'',0,'0001618924','Decline to Disclose','2014-08-22 07:00:00',43,0),(271,'EVERPLEX 235, LLC','','206-512-8400','',0,'','WASHINGTON','Concept/Idea','','2015-07-18 01:19:20',0,0,0,0,0,0,0,0,0,0,0.00000,0.00000,0.00,0,0.00,0,0,0,0,0,0,0,1,0,1,0,0,0,'Other','Jeff Huber',NULL,1,'',235000,235000,0,'',10000,'0001648247','No Revenues','2015-07-06 07:00:00',8,9400),(272,'Proxy Technologies Inc.','','703-485-1035','',0,'','DELAWARE','Concept/Idea','','2015-07-18 01:19:20',0,0,0,0,0,0,0,0,0,0,0.00000,0.00000,0.00,0,0.00,0,0,0,0,0,0,0,1,0,1,0,0,0,'Other Technology','Robert F. Davis',NULL,1,'',2000000,263350,1736650,'',0,'0001321636','Decline to Disclose','2015-07-13 07:00:00',1,0),(273,'Realty Mogul, Co.','','8779772776','',0,'https://www.realtymogul.com/ ','DELAWARE','Concept/Idea','','2015-07-18 01:19:21',0,0,0,0,0,0,0,0,0,0,0.00000,0.00000,0.00,0,0.00,0,0,0,0,0,0,0,1,0,1,0,0,0,'Other Technology','Jilliene Helman',NULL,1,'',34999998,27198284,7801714,'',0,'0001572810','Decline to Disclose','2015-07-01 07:00:00',2,0),(274,'Symbiont.io, Inc.','','7277235501','',0,'','DELAWARE','Concept/Idea','','2015-07-18 01:19:22',0,0,0,0,0,0,0,0,0,0,0.00000,0.00000,0.00,0,0.00,0,0,0,0,0,0,0,1,0,1,0,0,0,'Other Technology','Robert Odell',NULL,1,'',1235000,1235000,0,'',25000,'0001647548','Decline to Disclose','2015-06-30 07:00:00',14,0),(275,'Demandbase Inc','','415-683-2660','',0,'https://www.demandbase.com/ ','CALIFORNIA','Concept/Idea','','2015-07-18 03:29:44',0,0,0,0,0,0,0,0,0,0,0.00000,0.00000,0.00,0,0.00,0,0,0,0,0,0,0,1,0,1,0,0,0,'Other Technology','Christopher J. Golec',NULL,1,'',30000000,30000000,0,'',0,'0001391273','Decline to Disclose','2015-07-09 07:00:00',17,0),(276,'HOPSKIPDRIVE, INC.','','844-467-7547','',0,'http://www.hopskipdrive.com/ ','DELAWARE','Concept/Idea','','2015-07-18 03:29:44',0,0,0,0,0,0,0,0,0,0,0.00000,0.00000,0.00,0,0.00,0,0,0,0,0,0,0,1,0,1,0,0,0,'Other Technology','Carolyn Yashari Becher',NULL,1,'',4208727,3826430,382297,'',0,'0001645386','Decline to Disclose','2015-06-22 07:00:00',39,0),(277,'VertiFlex, Inc.','','949-940-1400','',0,'http://www.vertiflexspine.com/ ','DELAWARE','Concept/Idea','','2015-07-18 03:29:45',0,0,0,0,0,0,0,0,0,0,0.00000,0.00000,0.00,0,0.00,0,0,0,0,0,0,0,1,0,1,0,0,0,'Other Technology','Earl R. Fender',NULL,1,'',5000000,4798160,201840,'',1,'0001385978','Decline to Disclose','2015-07-08 07:00:00',7,0),(278,'NextRequest Co.','','844-767-8263','',0,'','DELAWARE','Concept/Idea','','2015-07-18 03:29:45',0,0,0,0,0,0,0,0,0,0,0.00000,0.00000,0.00,0,0.00,0,0,0,0,0,0,0,1,0,1,0,0,0,'Computers','Tamara Manik-Perlman',NULL,1,'',0,151000,0,'',0,'0001647992','Decline to Disclose','2015-02-20 08:00:00',7,0),(279,'Blacksands, Inc.','','866-951-8866','',0,'','DELAWARE','Concept/Idea','','2015-07-23 02:52:19',0,0,0,0,0,0,0,0,0,0,0.00000,0.00000,0.00,0,0.00,0,0,0,0,0,0,0,1,0,1,0,0,0,'Other Technology','Nathan J. Pawl',NULL,1,'',1000000,100000,900000,'',10000,'0001648148','Decline to Disclose','2015-06-25 07:00:00',1,346000),(280,'Cascade, LLC','','847-910-7460','',0,'','ILLINOIS','Concept/Idea','','2015-07-23 02:52:19',0,0,0,0,0,0,0,0,0,0,0.00000,0.00000,0.00,0,0.00,0,0,0,0,0,0,0,1,0,1,0,0,0,'Other','Kim Brady',NULL,1,'',820000,700000,120000,'',1,'0001648887','Decline to Disclose','2015-07-15 07:00:00',6,0),(281,'Capstak, Inc.','','718-744-5572','',0,'','DELAWARE','Concept/Idea','','2015-07-23 02:52:20',0,0,0,0,0,0,0,0,0,0,0.00000,0.00000,0.00,0,0.00,0,0,0,0,0,0,0,1,0,1,0,0,0,'Other Technology','Heather Goldman',NULL,1,'',350000,336500,13500,'',5000,'0001648527','Decline to Disclose','2015-05-01 07:00:00',16,0),(282,'VoltDB, Inc.','','978-528-4660','',0,'','DELAWARE','Concept/Idea','','2015-07-23 02:52:21',0,0,0,0,0,0,0,0,0,0,0.00000,0.00000,0.00,0,0.00,0,0,0,0,0,0,0,1,0,1,0,0,0,'Computers','Bruce Reading',NULL,1,'',0,9820864,0,'',0,'0001500661','Decline to Disclose','2015-07-02 07:00:00',6,0),(283,'Plenty, Inc.','','440-374-6740','',0,'','DELAWARE','Concept/Idea','','2015-07-23 02:52:21',0,0,0,0,0,0,0,0,0,0,0.00000,0.00000,0.00,0,0.00,0,0,0,0,0,0,0,1,0,1,0,0,0,'Other Technology','Kara Williamson',NULL,1,'',450000,100000,350000,'',0,'0001627654','Decline to Disclose','2015-07-01 07:00:00',1,0),(284,'SurClean Inc.','','248-449-3714','',0,'','MICHIGAN','Concept/Idea','','2015-07-23 02:52:22',0,0,0,0,0,0,0,0,0,0,0.00000,0.00000,0.00,0,0.00,0,0,0,0,0,0,0,1,0,1,0,0,0,'Other Technology','Susan Sprentall',NULL,1,'',3000000,1000000,2000000,'',50000,'0001588683','Decline to Disclose','2015-07-08 07:00:00',1,0),(285,'SidelineMD Inc.','','8185619707','',0,'','DELAWARE','Concept/Idea','','2015-07-23 02:52:22',0,0,0,0,0,0,0,0,0,0,0.00000,0.00000,0.00,0,0.00,0,0,0,0,0,0,0,1,0,1,0,0,0,'Other Technology','Juan Miguel Sugay',NULL,1,'',500000,270000,230000,'',20000,'0001648375','No Revenues','2015-07-15 07:00:00',4,72000),(286,'Greenrush Media Inc.','','8185619707','',0,'','DELAWARE','Concept/Idea','','2015-07-23 02:52:23',0,0,0,0,0,0,0,0,0,0,0.00000,0.00000,0.00,0,0.00,0,0,0,0,0,0,0,1,0,1,0,0,0,'Other Technology','Juan Miguel Aranda Sugay',NULL,1,'',300000,100000,200000,'',10000,'0001648625','No Revenues','2015-07-10 07:00:00',4,72000),(287,'Metis Financial Network, Inc.','','(858) 759-0445','',0,'','DELAWARE','Concept/Idea','','2015-07-23 02:52:23',0,0,0,0,0,0,0,0,0,0,0.00000,0.00000,0.00,0,0.00,0,0,0,0,0,0,0,1,0,1,0,0,0,'Other Technology','Joy Hou',NULL,1,'',7000000,6000000,1000000,'',0,'0001644717','Not Applicable','2013-12-31 08:00:00',4,0),(288,'IsoStem, Inc.','','512-501-4016','',0,'','DELAWARE','Concept/Idea','','2015-07-23 02:52:24',0,0,0,0,0,0,0,0,0,0,0.00000,0.00000,0.00,0,0.00,0,0,0,0,0,0,0,1,0,1,0,0,0,'Other Technology','Chad Neely',NULL,1,'',1300000,1300000,0,'',0,'0001562409','Decline to Disclose','2012-11-13 08:00:00',3,0),(289,'oHome, Inc.','','3039055808','',0,'','COLORADO','Concept/Idea','','2015-07-23 02:52:24',0,0,0,0,0,0,0,0,0,0,0.00000,0.00000,0.00,0,0.00,0,0,0,0,0,0,0,1,0,1,0,0,0,'Other Technology','Michael Salamon',NULL,1,'',0,125000,0,'',0,'0001633711','Decline to Disclose','2015-02-09 08:00:00',1,0),(290,'SELF LENDER, INC.','','(970) 239-1401','',0,'','DELAWARE','Concept/Idea','','2015-07-23 02:52:25',0,0,0,0,0,0,0,0,0,0,0.00000,0.00000,0.00,0,0.00,0,0,0,0,0,0,0,1,0,1,0,0,0,'Other Technology','James Garvey',NULL,1,'',2041796,2041796,0,'',0,'0001648689','Decline to Disclose','2015-07-06 07:00:00',12,0),(291,'ARI Holding Corp','','212-644-5900','',0,'','DELAWARE','Concept/Idea','','2015-07-23 02:52:25',0,0,0,0,0,0,0,0,0,0,0.00000,0.00000,0.00,0,0.00,0,0,0,0,0,0,0,1,0,1,0,0,0,'Other','Barbara L. Burns',NULL,1,'',3690259,3690259,0,'',0,'0001577607','Decline to Disclose','2014-08-01 07:00:00',9,0),(292,'FUSAR TECHNOLOGIES INC.','','5514866892','',0,'','DELAWARE','Concept/Idea','','2015-07-23 02:52:26',0,0,0,0,0,0,0,0,0,0,0.00000,0.00000,0.00,0,0.00,0,0,0,0,0,0,0,1,0,1,0,0,0,'Other Technology','Ryan Shearman',NULL,1,'',1095000,1095000,0,'',10000,'0001642325','Decline to Disclose','2015-02-25 08:00:00',36,0),(293,'aPersona Inc.','','6783948118','',0,'','DELAWARE','Concept/Idea','','2015-07-23 02:52:26',0,0,0,0,0,0,0,0,0,0,0.00000,0.00000,0.00,0,0.00,0,0,0,0,0,0,0,1,0,1,0,0,0,'Other Technology','Kelly Sparks',NULL,1,'',1000000,440000,560000,'',25000,'0001604039','$1 - $1,000,000','2014-03-05 08:00:00',3,350000),(294,'Zirtual Inc.','','800-997-9714','',0,'','DELAWARE','Concept/Idea','','2015-07-23 02:52:27',0,0,0,0,0,0,0,0,0,0,0.00000,0.00000,0.00,0,0.00,0,0,0,0,0,0,0,1,0,1,0,0,0,'Other Technology','Maren Kate Donovan',NULL,1,'',3000000,650000,2350000,'',0,'0001566557','Decline to Disclose','2015-07-06 07:00:00',4,0),(295,'Dor Technologies, Inc.','','415-799-7288','',0,'','DELAWARE','Concept/Idea','','2015-07-23 02:52:27',0,0,0,0,0,0,0,0,0,0,0.00000,0.00000,0.00,0,0.00,0,0,0,0,0,0,0,1,0,1,0,0,0,'Other Technology','Michael Brand',NULL,1,'',0,35000,0,'',25000,'0001648670','Decline to Disclose','2015-07-07 07:00:00',1,0),(296,'VTG SELECT TELECOMMUNICATIONS PORTFOLIO, LLC','','888-804-1448','',0,'','CALIFORNIA','Concept/Idea','','2015-07-23 02:52:28',0,0,0,0,0,0,0,0,0,0,0.00000,0.00000,0.00,0,0.00,0,0,0,0,0,0,0,1,0,1,0,0,0,'Telecommunications','Malcolm E White',NULL,1,'',2000000,10000,1990000,'',5000,'0001648773','No Revenues','2015-07-10 07:00:00',1,0),(297,'SmartStory Technologies, Inc.','','208-258-6100','',0,'','DELAWARE','Concept/Idea','','2015-07-23 02:52:28',0,0,0,0,0,0,0,0,0,0,0.00000,0.00000,0.00,0,0.00,0,0,0,0,0,0,0,1,0,1,0,0,0,'Other Technology','C. Lloyd Mahaffey',NULL,1,'',3500000,2459222,1040778,'',0,'0001591383','Decline to Disclose','2014-07-23 07:00:00',22,0),(298,'Comr.se Corp.','','206-538-1794','',0,'','DELAWARE','Concept/Idea','','2015-07-23 02:52:29',0,0,0,0,0,0,0,0,0,0,0.00000,0.00000,0.00,0,0.00,0,0,0,0,0,0,0,1,0,1,0,0,0,'Other Technology','John T. Wantz II',NULL,1,'',500000,427260,72740,'',0,'0001574382','Decline to Disclose','2015-07-07 07:00:00',10,0),(299,'EndoVantage, LLC','','520.444.1433','',0,'','ARIZONA','Concept/Idea','','2015-07-23 02:52:29',0,0,0,0,0,0,0,0,0,0,0.00000,0.00000,0.00,0,0.00,0,0,0,0,0,0,0,1,0,1,0,0,0,'Other Technology','Robert S. Green',NULL,1,'',1000000,450000,550000,'',0,'0001648705','Decline to Disclose','2015-07-02 07:00:00',5,0),(300,'Qnect LLC','','617-589-3897','',0,'','DELAWARE','Concept/Idea','','2015-07-23 02:52:30',0,0,0,0,0,0,0,0,0,0,0.00000,0.00000,0.00,0,0.00,0,0,0,0,0,0,0,1,0,1,0,0,0,'Other Technology','Jeffrey Sharp',NULL,1,'',750000,500000,250000,'',25000,'0001607627','$1 - $1,000,000','2015-07-10 07:00:00',22,300000),(301,'Hyprloco, Inc.','','719-502-0404','',0,'','DELAWARE','Concept/Idea','','2015-07-23 02:52:31',0,0,0,0,0,0,0,0,0,0,0.00000,0.00000,0.00,0,0.00,0,0,0,0,0,0,0,1,0,1,0,0,0,'Other Technology','Nicholas Gray',NULL,1,'',750000,175000,575000,'',0,'0001648476','Decline to Disclose','2015-03-27 07:00:00',2,0),(302,'Predictive Science, Inc.','','(512) 777-8018','',0,'','DELAWARE','Concept/Idea','','2015-07-23 02:52:31',0,0,0,0,0,0,0,0,0,0,0.00000,0.00000,0.00,0,0.00,0,0,0,0,0,0,0,1,0,1,0,0,0,'Other Technology','Steven Tedjamulia',NULL,1,'',5000000,5000000,0,'',5000000,'0001648628','$5,000,001 - $25,000,000','2015-07-08 07:00:00',1,115000),(303,'Medallia Inc.','','(650) 321-3000','',0,'','DELAWARE','Concept/Idea','','2015-07-23 02:52:32',0,0,0,0,0,0,0,0,0,0,0.00000,0.00000,0.00,0,0.00,0,0,0,0,0,0,0,1,0,1,0,0,0,'Other Technology','Alan Grebene',NULL,1,'',150332172,150332172,0,'',0,'0001540184','Decline to Disclose','2015-07-02 07:00:00',8,0),(304,'Thrive Market, Inc.','','952-239-7201','',0,'','DELAWARE','Concept/Idea','','2015-07-23 03:02:01',0,0,0,0,0,0,0,0,0,0,0.00000,0.00000,0.00,0,0.00,0,0,0,0,0,0,0,1,0,1,0,0,0,'Other Technology','Nicholas Green',NULL,1,'',38274312,32879160,5395152,'',1,'0001648753','Decline to Disclose','2015-07-10 07:00:00',191,0),(305,'Intale Inc.','','302103603416','',0,'','DELAWARE','Concept/Idea','','2015-07-23 03:02:02',0,0,0,0,0,0,0,0,0,0,0.00000,0.00000,0.00,0,0.00,0,0,0,0,0,0,0,1,0,1,0,0,0,'Other Technology','Fotios Koutouvelis',NULL,1,'',2000000,500000,1500000,'',0,'0001648936','Decline to Disclose','2015-07-09 07:00:00',1,0),(306,'Dough, Inc.','','855-468-2789','',0,'','DELAWARE','Concept/Idea','','2015-07-23 03:02:02',0,0,0,0,0,0,0,0,0,0,0.00000,0.00000,0.00,0,0.00,0,0,0,0,0,0,0,1,0,1,0,0,0,'Other Technology','Michelle Cullen',NULL,1,'',5808594,0,5808594,'',0,'0001621182','Decline to Disclose','2015-07-07 07:00:00',1,0),(307,'NewStore Inc.','','857-285-8470','',0,'','DELAWARE','Concept/Idea','','2015-07-23 03:02:03',0,0,0,0,0,0,0,0,0,0,0.00000,0.00000,0.00,0,0.00,0,0,0,0,0,0,0,1,0,1,0,0,0,'Other Technology','Stephan Schambach',NULL,1,'',30000000,30000000,0,'',0,'0001635371','Decline to Disclose','2015-07-07 07:00:00',4,0),(308,'DOMO, INC.','','801-899-1000','',0,'','DELAWARE','Concept/Idea','','2015-07-23 03:02:03',0,0,0,0,0,0,0,0,0,0,0.00000,0.00000,0.00,0,0.00,0,0,0,0,0,0,0,1,0,1,0,0,0,'Other Technology','DANIEL E. STEVENSON',NULL,1,'',360037230,235037225,125000005,'',0,'0001505952','Decline to Disclose','2015-04-02 07:00:00',18,10037254),(309,'Pencil & Pixel, Inc.','','412-327-1415','',0,'','DELAWARE','Concept/Idea','','2015-07-23 03:02:04',0,0,0,0,0,0,0,0,0,0,0.00000,0.00000,0.00,0,0.00,0,0,0,0,0,0,0,1,0,1,0,0,0,'Other','Shanna Tellerman',NULL,1,'',750000,730000,20000,'',0,'0001637968','Decline to Disclose','2015-07-14 07:00:00',10,0),(310,'INTTRA Inc.','','973-263-5100','',0,'','DELAWARE','Concept/Idea','','2015-07-23 03:02:05',0,0,0,0,0,0,0,0,0,0,0.00000,0.00000,0.00,0,0.00,0,0,0,0,0,0,0,1,0,1,0,0,0,'Other Technology','John F. Fay',NULL,1,'',10550000,5299284,5250716,'',0,'0001482577','Decline to Disclose','2015-06-16 07:00:00',6,0),(311,'Blast, Inc.','','9175390677','',0,'','DELAWARE','Concept/Idea','','2015-07-23 03:02:05',0,0,0,0,0,0,0,0,0,0,0.00000,0.00000,0.00,0,0.00,0,0,0,0,0,0,0,1,0,1,0,0,0,'Other Technology','Thomas J. Horan',NULL,1,'',500000,250000,250000,'',12500,'0001644233','Decline to Disclose','2015-07-17 07:00:00',8,0),(312,'PERFECT Co','','503-970-3221','',0,'','DELAWARE','Concept/Idea','','2015-07-23 03:02:06',0,0,0,0,0,0,0,0,0,0,0.00000,0.00000,0.00,0,0.00,0,0,0,0,0,0,0,1,0,1,0,0,0,'Other','Stephen Lile',NULL,1,'',1100000,1100000,0,'',25000,'0001648775','Decline to Disclose','2015-07-13 07:00:00',9,0),(313,'Dynamic Photonics, Inc.','','505-340-6998','',0,'','DELAWARE','Concept/Idea','','2015-07-23 03:02:06',0,0,0,0,0,0,0,0,0,0,0.00000,0.00000,0.00,0,0.00,0,0,0,0,0,0,0,1,0,1,0,0,0,'Telecommunications','Candice Lee Owens',NULL,1,'',100000,0,100000,'',5000,'0001618144','No Revenues','0000-00-00 00:00:00',0,0),(314,'Hyper Labs, Inc.','','415-944-9737','',0,'','DELAWARE','Concept/Idea','','2015-07-23 03:02:08',0,0,0,0,0,0,0,0,0,0,0.00000,0.00000,0.00,0,0.00,0,0,0,0,0,0,0,1,0,1,0,0,0,'Other Technology','Peter Brodsky',NULL,1,'',10879675,10879675,0,'',0,'0001648717','Decline to Disclose','2015-07-13 07:00:00',13,0),(315,'Identifid, LLC','','913-998-6136','',0,'','KANSAS','Concept/Idea','','2015-07-23 03:02:08',0,0,0,0,0,0,0,0,0,0,0.00000,0.00000,0.00,0,0.00,0,0,0,0,0,0,0,1,0,1,0,0,0,'Other Technology','John M. Taylor',NULL,1,'',550000,550000,0,'',0,'0001648874','Decline to Disclose','2015-07-15 07:00:00',3,0),(316,'Pager, Inc.','','1-888-571-8629','',0,'','DELAWARE','Concept/Idea','','2015-07-23 03:02:09',0,0,0,0,0,0,0,0,0,0,0.00000,0.00000,0.00,0,0.00,0,0,0,0,0,0,0,1,0,1,0,0,0,'Other Technology','Phillip Eytan',NULL,1,'',14000006,13997775,2231,'',0,'0001612406','Decline to Disclose','2015-07-13 07:00:00',18,0),(317,'Klarismo Inc.','','44 79713 19267','',0,'','DELAWARE','Concept/Idea','','2015-07-27 02:56:43',0,0,0,0,0,0,0,0,0,0,0.00000,0.00000,0.00,0,0.00,0,0,0,0,0,0,0,1,0,1,0,0,0,'Other Technology','Marcus Foster',NULL,1,'',19952,19952,0,'',0,'0001648677','Decline to Disclose','2015-07-14 07:00:00',1,0),(318,'Pi-Coral, Inc.','','408-516-5150','',0,'','DELAWARE','Concept/Idea','','2015-07-27 02:56:46',0,0,0,0,0,0,0,0,0,0,0.00000,0.00000,0.00,0,0.00,0,0,0,0,0,0,0,1,0,1,0,0,0,'Other Technology','Donpaul C. Stephens',NULL,1,'',25000000,13684700,11315300,'',0,'0001605537','Decline to Disclose','2015-07-10 07:00:00',14,0),(319,'Baloonr, Inc.','','(513)314-3627','',0,'','DELAWARE','Concept/Idea','','2015-07-27 02:56:46',0,0,0,0,0,0,0,0,0,0,0.00000,0.00000,0.00,0,0.00,0,0,0,0,0,0,0,1,0,1,0,0,0,'Other Technology','Noah Bornstein',NULL,1,'',30000,30000,0,'',0,'0001648770','Decline to Disclose','2015-06-17 07:00:00',1,0),(320,'Menguin, Inc.','','844-636-4246','',0,'','INDIANA','Concept/Idea','','2015-07-27 02:56:47',0,0,0,0,0,0,0,0,0,0,0.00000,0.00000,0.00,0,0.00,0,0,0,0,0,0,0,1,0,1,0,0,0,'Other Technology','Justin Delaney',NULL,1,'',540000,140000,400000,'',0,'0001622628','Decline to Disclose','2015-07-08 07:00:00',1,0),(321,'Segovia Technology Co.','','212-868-4412','',0,'','DELAWARE','Concept/Idea','','2015-07-27 02:56:50',0,0,0,0,0,0,0,0,0,0,0.00000,0.00000,0.00,0,0.00,0,0,0,0,0,0,0,1,0,1,0,0,0,'Other Technology','Michael Faye',NULL,1,'',14787140,13787114,1000026,'',0,'0001648236','Decline to Disclose','2015-07-14 07:00:00',14,0),(322,'SensorFence Systems LLC','','323-498-2773','',0,'','DELAWARE','Concept/Idea','','2015-07-27 02:56:52',0,0,0,0,0,0,0,0,0,0,0.00000,0.00000,0.00,0,0.00,0,0,0,0,0,0,0,1,0,1,0,0,0,'Other Technology','James M Greene',NULL,1,'',870000,329710,540290,'',30000,'0001648621','$1 - $1,000,000','2015-03-26 07:00:00',11,105000),(323,'Vanford Inc.','','3015128583','',0,'','DELAWARE','Concept/Idea','','2015-07-27 02:56:54',0,0,0,0,0,0,0,0,0,0,0.00000,0.00000,0.00,0,0.00,0,0,0,0,0,0,0,1,0,1,0,0,0,'Other Technology','Daniel Rossett',NULL,1,'',100000,0,100000,'',1000,'0001638769','$1 - $1,000,000','0000-00-00 00:00:00',0,0),(324,'IQMS','','(805) 227-1122','',0,'','CALIFORNIA','Concept/Idea','','2015-07-27 02:56:57',0,0,0,0,0,0,0,0,0,0,0.00000,0.00000,0.00,0,0.00,0,0,0,0,0,0,0,1,0,1,0,0,0,'Other Technology','Randall Flamm',NULL,1,'',39477200,39477200,0,'',0,'0001614720','$25,000,001 - $100,000,000','2015-07-10 07:00:00',10,38623900),(325,'Opia Holdings, Inc.','','443-695-1626','',0,'','DELAWARE','Concept/Idea','','2015-07-27 02:56:59',0,0,0,0,0,0,0,0,0,0,0.00000,0.00000,0.00,0,0.00,0,0,0,0,0,0,0,1,0,1,0,0,0,'Other Technology','Thomas Popomaronis',NULL,1,'',400000,250000,150000,'',0,'0001609855','Decline to Disclose','2015-07-14 07:00:00',1,0),(326,'SlamData, Inc.','','303-717-2091','',0,'','DELAWARE','Concept/Idea','','2015-07-27 02:57:02',0,0,0,0,0,0,0,0,0,0,0.00000,0.00000,0.00,0,0.00,0,0,0,0,0,0,0,1,0,1,0,0,0,'Other Technology','Jeff A. Carr',NULL,1,'',3633838,3633838,0,'',0,'0001648615','Decline to Disclose','2015-07-10 07:00:00',15,0),(327,'Listar, Inc.','','(305) 222-7978','',0,'','DELAWARE','Concept/Idea','','2015-07-27 02:57:04',0,0,0,0,0,0,0,0,0,0,0.00000,0.00000,0.00,0,0.00,0,0,0,0,0,0,0,1,0,1,0,0,0,'Other Technology','Simon Vielma',NULL,1,'',630000,247500,382500,'',0,'0001649041','Decline to Disclose','2012-09-08 07:00:00',4,0),(328,'UNIFY SQUARE, INC.','','(425) 865-0700','',0,'','WASHINGTON','Concept/Idea','','2015-07-27 02:57:07',0,0,0,0,0,0,0,0,0,0,0.00000,0.00000,0.00,0,0.00,0,0,0,0,0,0,0,1,0,1,0,0,0,'Other Technology','SUDHANSHU AGGARWAL',NULL,1,'',13586051,12221619,1364432,'',0,'0001517057','Decline to Disclose','2015-02-11 08:00:00',16,0),(329,'HARBOR TECHNOLOGIES LLC','','207-725-4878','',0,'','MAINE','Concept/Idea','','2015-07-27 02:57:09',0,0,0,0,0,0,0,0,0,0,0.00000,0.00000,0.00,0,0.00,0,0,0,0,0,0,0,1,0,1,0,0,0,'Other Technology','Martin Grimnes',NULL,1,'',1000000,650000,350000,'',25000,'0001436788','Decline to Disclose','2015-07-23 07:00:00',5,0),(330,'Benevoltek, Inc.','','207-232-8152','',0,'','MAINE','Concept/Idea','','2015-07-27 02:57:11',0,0,0,0,0,0,0,0,0,0,0.00000,0.00000,0.00,0,0.00,0,0,0,0,0,0,0,1,0,1,0,0,0,'Other Technology','Stephen Jordan',NULL,1,'',1500000,366667,1133333,'',0,'0001647454','Decline to Disclose','2015-07-14 07:00:00',8,220000),(331,'MEDSPHERE SYSTEMS CORP','','7606923700','',0,'','DELAWARE','Concept/Idea','','2015-07-27 02:57:14',0,0,0,0,0,0,0,0,0,0,0.00000,0.00000,0.00,0,0.00,0,0,0,0,0,0,0,1,0,1,0,0,0,'Other Technology','Irv Lichtenwald',NULL,1,'',62500,62500,0,'',0,'0001266146','Decline to Disclose','2015-04-10 07:00:00',9,0),(332,'PlatformQ, LLC','','617-938-6000','',0,'','DELAWARE','Concept/Idea','','2015-07-27 02:57:16',0,0,0,0,0,0,0,0,0,0,0.00000,0.00000,0.00,0,0.00,0,0,0,0,0,0,0,1,0,1,0,0,0,'Other Technology','Robert Rosenbloom',NULL,1,'',10560514,10560514,0,'',0,'0001400117','Decline to Disclose','2014-12-31 08:00:00',9,0),(333,'Testive, Inc.','','617-326-3896','',0,'','DELAWARE','Concept/Idea','','2015-07-27 02:57:18',0,0,0,0,0,0,0,0,0,0,0.00000,0.00000,0.00,0,0.00,0,0,0,0,0,0,0,1,0,1,0,0,0,'Other Technology','Thomas E. Rose',NULL,1,'',2945270,2158270,787000,'',0,'0001648592','Decline to Disclose','2015-07-13 07:00:00',50,0),(334,'xG TECHNOLOGY, INC.','','941 953 9035','',0,'','DELAWARE','Concept/Idea','','2015-07-27 02:57:20',0,0,0,0,0,0,0,0,0,0,0.00000,0.00000,0.00,0,0.00,0,0,0,0,0,0,0,1,0,1,0,0,0,'Other Technology','Roger G. Branton',NULL,1,'',1633333,1633333,0,'',140000,'0001565228','Decline to Disclose','2015-06-11 07:00:00',2,0),(335,'Advanced MicroGrid Solutions, Inc.','','415-726-7838','',0,'','DELAWARE','Concept/Idea','','2015-07-27 02:57:21',0,0,0,0,0,0,0,0,0,0,0.00000,0.00000,0.00,0,0.00,0,0,0,0,0,0,0,1,0,1,0,0,0,'Other','Susan P. Kennedy',NULL,1,'',18817197,18817195,2,'',0,'0001606370','Decline to Disclose','2015-05-08 07:00:00',15,0),(336,'Workspot, Inc.','','888-426-8113','',0,'','DELAWARE','Concept/Idea','','2015-07-27 02:57:23',0,0,0,0,0,0,0,0,0,0,0.00000,0.00000,0.00,0,0.00,0,0,0,0,0,0,0,1,0,1,0,0,0,'Other Technology','AMITABH SINHA',NULL,1,'',5000000,3000000,2000000,'',0,'0001556066','Decline to Disclose','2015-07-10 07:00:00',3,0),(337,'Wrightspeed, Inc.','','866-960-9482','',0,'','DELAWARE','Concept/Idea','','2015-07-27 02:57:25',0,0,0,0,0,0,0,0,0,0,0.00000,0.00000,0.00,0,0.00,0,0,0,0,0,0,0,1,0,1,0,0,0,'Other Technology','Ian Wright',NULL,1,'',14999996,5049949,9950047,'',0,'0001648799','Decline to Disclose','2015-07-02 07:00:00',19,0),(338,'OPTIMIZER HOLDCO','','415-418-2900','',0,'','LUXEMBOURG','Concept/Idea','','2015-07-27 02:57:25',0,0,0,0,0,0,0,0,0,0,0.00000,0.00000,0.00,0,0.00,0,0,0,0,0,0,0,1,0,1,0,0,0,'Other Technology','ROBERT MACLEAN',NULL,1,'',135000000,135000000,0,'',1000,'0001648844','Decline to Disclose','2015-07-08 07:00:00',3,0),(339,'Vizo Inc.','','2032738705','',0,'','DELAWARE','Concept/Idea','','2015-07-27 02:57:26',0,0,0,0,0,0,0,0,0,0,0.00000,0.00000,0.00,0,0.00,0,0,0,0,0,0,0,1,0,1,0,0,0,'Other Technology','Gillis Baxter',NULL,1,'',0,700000,0,'',0,'0001620606','Decline to Disclose','2015-07-09 07:00:00',6,0),(340,'DineInFresh, Inc.','','914-772-5122','',0,'','DELAWARE','Concept/Idea','','2015-07-27 02:57:27',0,0,0,0,0,0,0,0,0,0,0.00000,0.00000,0.00,0,0.00,0,0,0,0,0,0,0,1,0,1,0,0,0,'Other','Namrata (Tina) Mohanty',NULL,1,'',37231331,33231975,3999356,'',0,'0001596564','Decline to Disclose','2015-07-09 07:00:00',7,0),(341,'wellConnectd Inc.','','(508)208-0461','',0,'','DELAWARE','Concept/Idea','','2015-07-27 02:57:27',0,0,0,0,0,0,0,0,0,0,0.00000,0.00000,0.00,0,0.00,0,0,0,0,0,0,0,1,0,1,0,0,0,'Other Technology','Nicholas P. Fontana',NULL,1,'',250000,45000,205000,'',0,'0001648667','Decline to Disclose','2015-07-10 07:00:00',2,0),(342,'Ginkgo Bioworks, Inc.','','877-422-5362','',0,'','DELAWARE','Concept/Idea','','2015-07-27 02:57:28',0,0,0,0,0,0,0,0,0,0,0.00000,0.00000,0.00,0,0.00,0,0,0,0,0,0,0,1,0,1,0,0,0,'Other','Reshma Shetty',NULL,1,'',50036545,50036545,0,'',0,'0001648827','Decline to Disclose','2015-07-08 07:00:00',68,0),(343,'Paybook, Inc.','','512-808-7475','',0,'','DELAWARE','Concept/Idea','','2015-07-27 02:57:28',0,0,0,0,0,0,0,0,0,0,0.00000,0.00000,0.00,0,0.00,0,0,0,0,0,0,0,1,0,1,0,0,0,'Other Technology','Gerardo Trevino',NULL,1,'',0,875000,0,'',50000,'0001566697','Decline to Disclose','2013-11-22 08:00:00',9,0);
/*!40000 ALTER TABLE `a_company` ENABLE KEYS */;
UNLOCK TABLES;

--
-- Table structure for table `a_contact`
--

DROP TABLE IF EXISTS `a_contact`;
/*!40101 SET @saved_cs_client     = @@character_set_client */;
/*!40101 SET character_set_client = utf8 */;
CREATE TABLE `a_contact` (
  `contact_id` int(11) NOT NULL AUTO_INCREMENT,
  `name` varchar(255) NOT NULL DEFAULT '',
  `email` varchar(255) NOT NULL DEFAULT '',
  `message` longtext NOT NULL,
  `created` timestamp NOT NULL DEFAULT CURRENT_TIMESTAMP,
  PRIMARY KEY (`contact_id`)
) ENGINE=InnoDB DEFAULT CHARSET=utf8;
/*!40101 SET character_set_client = @saved_cs_client */;

--
-- Dumping data for table `a_contact`
--

LOCK TABLES `a_contact` WRITE;
/*!40000 ALTER TABLE `a_contact` DISABLE KEYS */;
/*!40000 ALTER TABLE `a_contact` ENABLE KEYS */;
UNLOCK TABLES;

--
-- Table structure for table `a_equity_round`
--

DROP TABLE IF EXISTS `a_equity_round`;
/*!40101 SET @saved_cs_client     = @@character_set_client */;
/*!40101 SET character_set_client = utf8 */;
CREATE TABLE `a_equity_round` (
  `equity_round_id` int(11) NOT NULL AUTO_INCREMENT,
  `created` timestamp NOT NULL DEFAULT CURRENT_TIMESTAMP ON UPDATE CURRENT_TIMESTAMP,
  `close_date` timestamp NOT NULL DEFAULT '0000-00-00 00:00:00',
  `amt` double DEFAULT NULL,
  `transaction_id` int(11) DEFAULT NULL,
  `company_id` int(11) DEFAULT NULL,
  `action_trigger_id` int(11) DEFAULT NULL,
  `user_id` int(11) NOT NULL,
  `trigger_const` int(11) NOT NULL DEFAULT '0',
  `round_const` int(11) NOT NULL DEFAULT '0',
  PRIMARY KEY (`equity_round_id`)
) ENGINE=InnoDB DEFAULT CHARSET=latin1;
/*!40101 SET character_set_client = @saved_cs_client */;

--
-- Dumping data for table `a_equity_round`
--

LOCK TABLES `a_equity_round` WRITE;
/*!40000 ALTER TABLE `a_equity_round` DISABLE KEYS */;
/*!40000 ALTER TABLE `a_equity_round` ENABLE KEYS */;
UNLOCK TABLES;

--
-- Table structure for table `a_job`
--

DROP TABLE IF EXISTS `a_job`;
/*!40101 SET @saved_cs_client     = @@character_set_client */;
/*!40101 SET character_set_client = utf8 */;
CREATE TABLE `a_job` (
  `job_id` int(11) NOT NULL AUTO_INCREMENT,
  `company_id` int(11) NOT NULL,
  `name` varchar(255) NOT NULL DEFAULT '',
  `link` varchar(255) NOT NULL DEFAULT '',
  `created` timestamp NOT NULL DEFAULT CURRENT_TIMESTAMP,
  `open` timestamp NOT NULL DEFAULT '0000-00-00 00:00:00',
  `skills` text NOT NULL,
  `contact` varchar(255) NOT NULL DEFAULT '',
  `active` int(11) NOT NULL DEFAULT '1',
  `cities_select_id` int(11) NOT NULL DEFAULT '0',
  `requirement_select_id` int(11) NOT NULL DEFAULT '0',
  `compensation_select_id` int(11) NOT NULL DEFAULT '0',
  `contact_email` varchar(255) DEFAULT NULL,
  `contact_url` varchar(255) DEFAULT NULL,
  `user_id` int(11) DEFAULT NULL,
  `company` varchar(255) DEFAULT NULL,
  `nonaccount_listing` int(11) NOT NULL DEFAULT '0',
  PRIMARY KEY (`job_id`)
) ENGINE=InnoDB AUTO_INCREMENT=30 DEFAULT CHARSET=utf8;
/*!40101 SET character_set_client = @saved_cs_client */;

--
-- Dumping data for table `a_job`
--

LOCK TABLES `a_job` WRITE;
/*!40000 ALTER TABLE `a_job` DISABLE KEYS */;
INSERT INTO `a_job` VALUES (1,-1,'Senior Software Eningeer','D1435091575','2015-06-23 20:32:55','0000-00-00 00:00:00','Java, PHP, MYSQL','trade@com',0,0,0,0,NULL,NULL,NULL,NULL,0),(2,-1,'Senior Software Eningeer','M1435091647','2015-06-23 20:34:07','0000-00-00 00:00:00','Java, PHP, MYSQL','test',0,0,0,0,NULL,NULL,NULL,NULL,0),(3,15,'sdaf','T1435103837','2015-06-23 23:57:21','0000-00-00 00:00:00','asdf','',0,4,2,2,'asdf','asdf',NULL,NULL,0),(4,1,'Graphic Design Intern (Paid)','Q1435178809','2015-06-24 20:46:49','0000-00-00 00:00:00','Photoshop','',0,5,2,5,'','http://makersrow.workable.com/jobs/46907/candidates/new',NULL,'Makers Row',0),(5,1,'Lead Software Engineer','E1435179215','2015-06-24 20:53:35','0000-00-00 00:00:00','PHP','',0,5,2,5,'','http://makersrow.workable.com/jobs/72103/candidates/new',NULL,'Makers Row',0),(6,1,'Data Analytics Expert','E1435298470','2015-06-26 06:01:10','0000-00-00 00:00:00','SQL, R, and Python','',0,6,2,4,'','https://www.meetearnest.com/careers/#/data/69336/data-analytics-expert',NULL,'Earnest',0),(7,1,'Data Platform Architect','P1435298571','2015-06-26 06:02:51','0000-00-00 00:00:00','PostgreSQL, Oracle or SQL Server. We use PostreSQL','',0,6,2,4,'','https://www.meetearnest.com/careers/#/data/54676/data-platform-architect',NULL,'Earnest',0),(8,1,'Data Scientist','N1435298996','2015-06-26 06:09:56','0000-00-00 00:00:00','Experience coding in R','',0,6,2,4,'','https://www.meetearnest.com/careers/#/data/39339/data-scientist',NULL,'Earnest',0),(9,1,'Software Engineer - Behavioral Science','O1435299350','2015-06-26 06:15:50','0000-00-00 00:00:00','Python, SQLAlchemy, REST APIs including JSON, and GIT','',0,6,2,4,'','https://boards.greenhouse.io/imatchative/jobs/41503?gh_jid=41503#.VYztUxNVhBc',NULL,'iMatchative',0),(10,1,'Software Architect','P1435299457','2015-06-26 06:17:37','0000-00-00 00:00:00','SQL, NodeJS, and NoSQL','',0,6,2,4,'','https://boards.greenhouse.io/imatchative/jobs/38280?gh_jid=38280#.VYzuLhNVhBc',NULL,'iMatchative',0),(11,1,'Java Developer','K1435436951','2015-06-27 20:29:11','0000-00-00 00:00:00','HTML, CSS, JavaScript, Java, and MVC','',0,5,2,5,'','https://workforcenow.adp.com/jobs/apply/posting.html?client=ugoods&jobId=24427&lang=en_US',NULL,'UncommonGoods',0),(12,1,'Senior Web Developer','Y1435541100','2015-06-29 01:25:00','0000-00-00 00:00:00','Java, Scala, and SQL','',0,5,2,4,'','http://otcmarkets.theresumator.com/apply/jobs/details/tC0zt4?',NULL,'OTC Markets Group Inc',0),(13,1,'tt','W1435544878','2015-06-29 02:28:20','0000-00-00 00:00:00','tt','',0,2,2,2,'tt','ttest',NULL,'tt',0),(14,13,'Backend Software Developer','S1435942844','2015-07-03 17:00:44','0000-00-00 00:00:00','Ruby/Rails, Coffeescript/JavaScript, Mongo, Data Scraping, Parsers','',0,5,0,5,'Careers@healthefilings.com?subject=Backend software developer application','',NULL,'Health eFilings, LLC',0),(15,13,'Backend Software Developer','I1436030037','2015-07-04 17:13:57','0000-00-00 00:00:00','Ruby/Rails, Coffeescript/JavaScript, Mongo','',1,5,0,4,'Careers@healthefilings.com?subject=Backend software developer application','',NULL,'Health eFilings, LLC',0),(16,52,'Sales Engineer','E1436115259','2015-07-05 16:54:19','0000-00-00 00:00:00','.NET and SharePoint ','',1,10,2,5,'careers@akumina.com?subject=Sales Engineer Resume','',NULL,'Akumina Inc.',0),(17,52,'SharePoint Web Developer','Y1436115395','2015-07-05 16:56:35','0000-00-00 00:00:00','SharePoint, Client side development with HTML, jQuery, REST, and Client Object ','',1,10,2,5,'careers@akumina.com?subject=SharePoint Developer Job','',NULL,'Akumina Inc.',0),(18,15,'RF ANTENNA DESIGN ENGINEER','X1436118214','2015-07-05 17:43:34','0000-00-00 00:00:00','GSM, WCDMA, CDMA, LTE and 802.11','',1,10,2,5,'careers@antenna79.com','',NULL,'Antenna79, Inc.',0),(19,28,'GENERALIST SOFTWARE ENGINEER','N1436154750','2015-07-06 03:52:30','0000-00-00 00:00:00','AWS, Chef, Puppet, Ruby on Rails, C++, Python, and Javascript','',1,2,2,4,'jobs@ditto.us.com?subject=Jobs','',NULL,'Ditto Labs, Inc.',0),(20,1,'SENIOR COMPUTER VISION ENGINEER','B1436158785','2015-07-06 04:59:45','0000-00-00 00:00:00','C/C++, Python, OpenCL, SVM, Random Forests, DNN/CNN, Stochastic modeling, Logistic Regression, Markov, Naive/Bayesian Networks, NLP, and model verification','',0,2,2,5,'jobs@ditto.us.com?subject=Jobs','',NULL,'Anhanna Corporation',0),(21,28,'SENIOR COMPUTER VISION ENGINEER','X1436199678','2015-07-06 16:21:18','0000-00-00 00:00:00','Boost, OpenCV, OpenVL, Dlib,  C/C++, Python 2/3, SQL, and Ruby (Rails).','',1,2,2,4,'jobs@ditto.us.com?subject=Jobs','',NULL,'Ditto Labs, Inc.',0),(22,28,'SENIOR AND MID-LEVEL RUBY ON RAILS ENGINEERS','B1436199760','2015-07-06 16:22:40','0000-00-00 00:00:00','Ruby on Rails, MySQL, C++, NoSQL, and RESTful web services','',1,2,2,0,'jobs@ditto.us.com?subject=Jobs','',NULL,'Ditto Labs, Inc.',0),(23,102,'Software Engineer - F#','J1436203172','2015-07-06 17:19:32','0000-00-00 00:00:00','F#, OCaml, or other functional-first languages','',1,8,2,5,'jobs@tachyus.com','',NULL,'Tachyus Corp',0),(24,102,'Software Engineer - Python','X1436225744','2015-07-06 23:35:44','0000-00-00 00:00:00','F#, OCaml, or other functional-first languages','',1,8,2,5,'jobs@tachyus.com','',NULL,'Tachyus Corp',0),(25,102,'Correctness Engineer','Z1436225882','2015-07-06 23:38:02','0000-00-00 00:00:00','SQL, Python, and ability to do tests and bug reports','',1,8,2,5,'jobs@tachyus.com','',NULL,'Tachyus Corp',0),(26,119,'Software Developer','V1436292162','2015-07-07 18:02:42','0000-00-00 00:00:00','Ruby/Rails development','',1,5,2,5,'jobs@panopen.com','',NULL,'panOpen, Inc.',0),(27,119,'Sales Development Representative','K1436292395','2015-07-07 18:06:35','0000-00-00 00:00:00','Ruby/Rails, and MySQL','',1,5,2,4,'jobs@panopen.com','',NULL,'panOpen, Inc.',0),(28,117,'Principal Automation Engineer','P1436295681','2015-07-07 19:01:21','0000-00-00 00:00:00','OpenStack, Chef, AWS, and JavaScript','',1,2,2,4,'','http://www.barklyprotects.com/principal-automation-engineer',NULL,'Barkly Protects, Inc.',0),(29,219,'BI Solutions Architect','K1436923297','2015-07-15 01:21:38','0000-00-00 00:00:00','Data','',1,10,0,0,'mailto:jobs@innovu.com?subject=I\'m interested in a BI Solutions Architect position!','',NULL,'Innovu, LLC',0);
/*!40000 ALTER TABLE `a_job` ENABLE KEYS */;
UNLOCK TABLES;

--
-- Table structure for table `a_journal`
--

DROP TABLE IF EXISTS `a_journal`;
/*!40101 SET @saved_cs_client     = @@character_set_client */;
/*!40101 SET character_set_client = utf8 */;
CREATE TABLE `a_journal` (
  `journal_id` int(11) NOT NULL AUTO_INCREMENT,
  `company_id` int(11) NOT NULL,
  `transaction_id` int(11) NOT NULL,
  PRIMARY KEY (`journal_id`)
) ENGINE=InnoDB DEFAULT CHARSET=latin1;
/*!40101 SET character_set_client = @saved_cs_client */;

--
-- Dumping data for table `a_journal`
--

LOCK TABLES `a_journal` WRITE;
/*!40000 ALTER TABLE `a_journal` DISABLE KEYS */;
/*!40000 ALTER TABLE `a_journal` ENABLE KEYS */;
UNLOCK TABLES;

--
-- Table structure for table `a_lookup`
--

DROP TABLE IF EXISTS `a_lookup`;
/*!40101 SET @saved_cs_client     = @@character_set_client */;
/*!40101 SET character_set_client = utf8 */;
CREATE TABLE `a_lookup` (
  `lookup_id` int(11) NOT NULL AUTO_INCREMENT,
  `const_id` int(11) NOT NULL DEFAULT '0',
  `name` varchar(255) NOT NULL DEFAULT '',
  `data` text NOT NULL,
  PRIMARY KEY (`lookup_id`)
) ENGINE=InnoDB DEFAULT CHARSET=latin1;
/*!40101 SET character_set_client = @saved_cs_client */;

--
-- Dumping data for table `a_lookup`
--

LOCK TABLES `a_lookup` WRITE;
/*!40000 ALTER TABLE `a_lookup` DISABLE KEYS */;
/*!40000 ALTER TABLE `a_lookup` ENABLE KEYS */;
UNLOCK TABLES;

--
-- Table structure for table `a_message`
--

DROP TABLE IF EXISTS `a_message`;
/*!40101 SET @saved_cs_client     = @@character_set_client */;
/*!40101 SET character_set_client = utf8 */;
CREATE TABLE `a_message` (
  `message_id` int(11) NOT NULL AUTO_INCREMENT,
  `name` varchar(255) NOT NULL DEFAULT '',
  `email` varchar(255) NOT NULL DEFAULT '',
  `message` longtext NOT NULL,
  `created` timestamp NOT NULL DEFAULT CURRENT_TIMESTAMP,
  PRIMARY KEY (`message_id`)
) ENGINE=InnoDB AUTO_INCREMENT=2 DEFAULT CHARSET=utf8;
/*!40101 SET character_set_client = @saved_cs_client */;

--
-- Dumping data for table `a_message`
--

LOCK TABLES `a_message` WRITE;
/*!40000 ALTER TABLE `a_message` DISABLE KEYS */;
INSERT INTO `a_message` VALUES (1,'test','test','<p>test</p>','2015-07-07 17:00:00');
/*!40000 ALTER TABLE `a_message` ENABLE KEYS */;
UNLOCK TABLES;

--
-- Table structure for table `a_note`
--

DROP TABLE IF EXISTS `a_note`;
/*!40101 SET @saved_cs_client     = @@character_set_client */;
/*!40101 SET character_set_client = utf8 */;
CREATE TABLE `a_note` (
  `note_id` int(11) NOT NULL AUTO_INCREMENT,
  `company_id` int(11) NOT NULL DEFAULT '0',
  `bond_price` double NOT NULL DEFAULT '0',
  `bond_duration` double NOT NULL DEFAULT '0',
  `bond_rate` double NOT NULL DEFAULT '0',
  `bond_zero` int(11) NOT NULL DEFAULT '0',
  `converts_to_debt` int(11) NOT NULL DEFAULT '0',
  `converts_to_preferred` int(11) NOT NULL DEFAULT '0',
  `converts_to_common` int(11) NOT NULL DEFAULT '0',
  `conversion_ratio` int(11) NOT NULL DEFAULT '0',
  `is_preferred` int(11) NOT NULL DEFAULT '0',
  `is_note` int(11) NOT NULL DEFAULT '0',
  `is_hybrid` int(11) NOT NULL DEFAULT '0',
  `is_convertable` int(11) NOT NULL DEFAULT '0',
  `converts_to_options` int(11) NOT NULL DEFAULT '0',
  `converts_to_warrents` int(11) NOT NULL DEFAULT '0',
  `conversion_round_id` int(11) NOT NULL DEFAULT '0',
  `created` timestamp NOT NULL DEFAULT CURRENT_TIMESTAMP ON UPDATE CURRENT_TIMESTAMP,
  `conversion_date` timestamp NOT NULL DEFAULT '0000-00-00 00:00:00',
  `vests` int(11) NOT NULL DEFAULT '0',
  `is_vested` int(11) NOT NULL DEFAULT '0',
  `vesting_schedule_id` int(11) NOT NULL DEFAULT '0',
  `is_junior` int(11) NOT NULL DEFAULT '0',
  `is_senior` int(11) NOT NULL DEFAULT '0',
  `is_terminated` int(11) NOT NULL DEFAULT '0',
  `preferred_shares_cnt` int(11) NOT NULL DEFAULT '0',
  `cost` double NOT NULL DEFAULT '0',
  `user_id` int(11) NOT NULL DEFAULT '0',
  `is_dividend_note` int(11) NOT NULL DEFAULT '0',
  `transaction_id` int(11) NOT NULL DEFAULT '0',
  `conversion_trigger_id` int(11) NOT NULL DEFAULT '0',
  PRIMARY KEY (`note_id`)
) ENGINE=InnoDB DEFAULT CHARSET=latin1;
/*!40101 SET character_set_client = @saved_cs_client */;

--
-- Dumping data for table `a_note`
--

LOCK TABLES `a_note` WRITE;
/*!40000 ALTER TABLE `a_note` DISABLE KEYS */;
/*!40000 ALTER TABLE `a_note` ENABLE KEYS */;
UNLOCK TABLES;

--
-- Table structure for table `a_onsale`
--

DROP TABLE IF EXISTS `a_onsale`;
/*!40101 SET @saved_cs_client     = @@character_set_client */;
/*!40101 SET character_set_client = utf8 */;
CREATE TABLE `a_onsale` (
  `onsale_id` int(11) NOT NULL AUTO_INCREMENT,
  `company_id` int(11) NOT NULL,
  `name` varchar(255) NOT NULL DEFAULT '',
  `equity_type` int(11) NOT NULL DEFAULT '0',
  `pps` double DEFAULT NULL,
  `onsale` int(11) NOT NULL DEFAULT '1',
  `qnt` int(11) NOT NULL DEFAULT '0',
  `active` int(11) NOT NULL DEFAULT '1',
  `pre_miniipo_ad` int(11) NOT NULL DEFAULT '0',
  `created` timestamp NOT NULL DEFAULT CURRENT_TIMESTAMP,
  `mini_ipo` timestamp NOT NULL DEFAULT '0000-00-00 00:00:00',
  `summary` text,
  `available_for_sale` timestamp NOT NULL DEFAULT '0000-00-00 00:00:00',
  `nonaccount_listing` int(11) NOT NULL DEFAULT '0',
  `pre_money_value` double NOT NULL DEFAULT '0',
  `colleagues_only` int(11) NOT NULL DEFAULT '0',
  PRIMARY KEY (`onsale_id`),
  KEY `company_id` (`company_id`)
) ENGINE=InnoDB AUTO_INCREMENT=309 DEFAULT CHARSET=utf8;
/*!40101 SET character_set_client = @saved_cs_client */;

--
-- Dumping data for table `a_onsale`
--

LOCK TABLES `a_onsale` WRITE;
/*!40000 ALTER TABLE `a_onsale` DISABLE KEYS */;
INSERT INTO `a_onsale` VALUES (1,12,'',0,NULL,1,0,1,0,'2015-07-05 21:42:53','0000-00-00 00:00:00',NULL,'0000-00-00 00:00:00',0,0,0),(2,13,'',0,NULL,1,0,1,0,'2015-07-05 21:42:54','0000-00-00 00:00:00',NULL,'0000-00-00 00:00:00',0,0,0),(3,66,'',0,NULL,1,0,1,0,'2015-07-05 21:42:54','0000-00-00 00:00:00',NULL,'0000-00-00 00:00:00',0,0,0),(4,15,'',0,NULL,1,0,1,0,'2015-07-05 21:42:55','0000-00-00 00:00:00',NULL,'0000-00-00 00:00:00',0,0,0),(5,16,'',0,NULL,1,0,1,0,'2015-07-05 21:42:55','0000-00-00 00:00:00',NULL,'0000-00-00 00:00:00',0,0,0),(6,17,'',0,NULL,1,0,1,0,'2015-07-05 21:42:55','0000-00-00 00:00:00',NULL,'0000-00-00 00:00:00',0,0,0),(7,91,'',0,NULL,1,0,1,0,'2015-07-05 21:42:56','0000-00-00 00:00:00',NULL,'0000-00-00 00:00:00',0,0,0),(8,18,'',0,NULL,1,0,1,0,'2015-07-05 21:42:56','0000-00-00 00:00:00',NULL,'0000-00-00 00:00:00',0,0,0),(9,19,'',0,NULL,1,0,1,0,'2015-07-05 21:42:57','0000-00-00 00:00:00',NULL,'0000-00-00 00:00:00',0,0,0),(10,20,'',0,NULL,1,0,1,0,'2015-07-05 21:42:57','0000-00-00 00:00:00',NULL,'0000-00-00 00:00:00',0,0,0),(11,92,'',0,NULL,1,0,1,0,'2015-07-05 21:42:57','0000-00-00 00:00:00',NULL,'0000-00-00 00:00:00',0,0,0),(12,21,'',0,NULL,1,0,1,0,'2015-07-05 21:42:58','0000-00-00 00:00:00',NULL,'0000-00-00 00:00:00',0,0,0),(13,22,'',0,NULL,1,0,1,0,'2015-07-05 21:42:58','0000-00-00 00:00:00',NULL,'0000-00-00 00:00:00',0,0,0),(14,44,'',0,NULL,1,0,1,0,'2015-07-05 21:42:59','0000-00-00 00:00:00',NULL,'0000-00-00 00:00:00',0,0,0),(15,43,'',0,NULL,1,0,1,0,'2015-07-05 21:42:59','0000-00-00 00:00:00',NULL,'0000-00-00 00:00:00',0,0,0),(16,42,'',0,NULL,1,0,1,0,'2015-07-05 21:43:00','0000-00-00 00:00:00',NULL,'0000-00-00 00:00:00',0,0,0),(17,41,'',0,NULL,1,0,1,0,'2015-07-05 21:43:00','0000-00-00 00:00:00',NULL,'0000-00-00 00:00:00',0,0,0),(18,46,'',0,NULL,1,0,1,0,'2015-07-05 21:43:00','0000-00-00 00:00:00',NULL,'0000-00-00 00:00:00',0,0,0),(19,47,'',0,NULL,1,0,1,0,'2015-07-05 21:43:01','0000-00-00 00:00:00',NULL,'0000-00-00 00:00:00',0,0,0),(20,45,'',0,NULL,1,0,1,0,'2015-07-05 21:43:01','0000-00-00 00:00:00',NULL,'0000-00-00 00:00:00',0,0,0),(21,48,'',0,NULL,1,0,1,0,'2015-07-05 21:43:02','0000-00-00 00:00:00',NULL,'0000-00-00 00:00:00',0,0,0),(22,49,'',0,NULL,1,0,1,0,'2015-07-05 21:43:02','0000-00-00 00:00:00',NULL,'0000-00-00 00:00:00',0,0,0),(23,50,'',0,NULL,1,0,1,0,'2015-07-05 21:43:02','0000-00-00 00:00:00',NULL,'0000-00-00 00:00:00',0,0,0),(24,51,'',0,NULL,1,0,1,0,'2015-07-05 21:43:03','0000-00-00 00:00:00',NULL,'0000-00-00 00:00:00',0,0,0),(25,52,'',0,NULL,1,0,1,0,'2015-07-05 21:43:03','0000-00-00 00:00:00',NULL,'0000-00-00 00:00:00',0,0,0),(26,53,'',0,NULL,1,0,1,0,'2015-07-05 21:43:04','0000-00-00 00:00:00',NULL,'0000-00-00 00:00:00',0,0,0),(27,54,'',0,NULL,1,0,1,0,'2015-07-05 21:43:04','0000-00-00 00:00:00',NULL,'0000-00-00 00:00:00',0,0,0),(28,67,'',0,NULL,1,0,1,0,'2015-07-05 21:43:04','0000-00-00 00:00:00',NULL,'0000-00-00 00:00:00',0,0,0),(29,68,'',0,NULL,1,0,1,0,'2015-07-05 21:43:05','0000-00-00 00:00:00',NULL,'0000-00-00 00:00:00',0,0,0),(30,69,'',0,NULL,1,0,1,0,'2015-07-05 21:43:05','0000-00-00 00:00:00',NULL,'0000-00-00 00:00:00',0,0,0),(31,70,'',0,NULL,1,0,1,0,'2015-07-05 21:43:06','0000-00-00 00:00:00',NULL,'0000-00-00 00:00:00',0,0,0),(32,71,'',0,NULL,1,0,1,0,'2015-07-05 21:43:06','0000-00-00 00:00:00',NULL,'0000-00-00 00:00:00',0,0,0),(33,72,'',0,NULL,1,0,1,0,'2015-07-05 21:43:07','0000-00-00 00:00:00',NULL,'0000-00-00 00:00:00',0,0,0),(34,73,'',0,NULL,1,0,1,0,'2015-07-05 21:43:07','0000-00-00 00:00:00',NULL,'0000-00-00 00:00:00',0,0,0),(35,74,'',0,NULL,1,0,1,0,'2015-07-05 21:43:07','0000-00-00 00:00:00',NULL,'0000-00-00 00:00:00',0,0,0),(36,75,'',0,NULL,1,0,1,0,'2015-07-05 21:43:08','0000-00-00 00:00:00',NULL,'0000-00-00 00:00:00',0,0,0),(37,76,'',0,NULL,1,0,1,0,'2015-07-05 21:43:08','0000-00-00 00:00:00',NULL,'0000-00-00 00:00:00',0,0,0),(38,77,'',0,NULL,1,0,1,0,'2015-07-05 21:43:09','0000-00-00 00:00:00',NULL,'0000-00-00 00:00:00',0,0,0),(39,78,'',0,NULL,1,0,1,0,'2015-07-05 21:43:09','0000-00-00 00:00:00',NULL,'0000-00-00 00:00:00',0,0,0),(40,79,'',0,NULL,1,0,1,0,'2015-07-05 21:43:10','0000-00-00 00:00:00',NULL,'0000-00-00 00:00:00',0,0,0),(41,80,'',0,NULL,1,0,1,0,'2015-07-05 21:43:10','0000-00-00 00:00:00',NULL,'0000-00-00 00:00:00',0,0,0),(42,81,'',0,NULL,1,0,1,0,'2015-07-05 21:43:11','0000-00-00 00:00:00',NULL,'0000-00-00 00:00:00',0,0,0),(43,82,'',0,NULL,1,0,1,0,'2015-07-05 21:43:11','0000-00-00 00:00:00',NULL,'0000-00-00 00:00:00',0,0,0),(44,83,'',0,NULL,1,0,1,0,'2015-07-05 21:43:11','0000-00-00 00:00:00',NULL,'0000-00-00 00:00:00',0,0,0),(45,84,'',0,NULL,1,0,1,0,'2015-07-05 21:43:12','0000-00-00 00:00:00',NULL,'0000-00-00 00:00:00',0,0,0),(46,85,'',0,NULL,1,0,1,0,'2015-07-05 21:43:12','0000-00-00 00:00:00',NULL,'0000-00-00 00:00:00',0,0,0),(47,86,'',0,NULL,1,0,1,0,'2015-07-05 21:43:13','0000-00-00 00:00:00',NULL,'0000-00-00 00:00:00',0,0,0),(48,87,'',0,NULL,1,0,1,0,'2015-07-05 21:43:13','0000-00-00 00:00:00',NULL,'0000-00-00 00:00:00',0,0,0),(49,88,'',0,NULL,1,0,1,0,'2015-07-05 21:43:13','0000-00-00 00:00:00',NULL,'0000-00-00 00:00:00',0,0,0),(50,89,'',0,NULL,1,0,1,0,'2015-07-05 21:43:14','0000-00-00 00:00:00',NULL,'0000-00-00 00:00:00',0,0,0),(51,90,'',0,NULL,1,0,1,0,'2015-07-05 21:50:39','0000-00-00 00:00:00',NULL,'0000-00-00 00:00:00',0,0,0),(52,27,'',0,NULL,1,0,1,0,'2015-07-05 21:50:39','0000-00-00 00:00:00',NULL,'0000-00-00 00:00:00',0,0,0),(53,28,'',0,NULL,1,0,1,0,'2015-07-05 21:50:40','0000-00-00 00:00:00',NULL,'0000-00-00 00:00:00',0,0,0),(54,29,'',0,NULL,1,0,1,0,'2015-07-05 21:50:40','0000-00-00 00:00:00',NULL,'0000-00-00 00:00:00',0,0,0),(55,30,'',0,NULL,1,0,1,0,'2015-07-05 21:50:41','0000-00-00 00:00:00',NULL,'0000-00-00 00:00:00',0,0,0),(56,31,'',0,NULL,1,0,1,0,'2015-07-05 21:50:41','0000-00-00 00:00:00',NULL,'0000-00-00 00:00:00',0,0,0),(57,32,'',0,NULL,1,0,1,0,'2015-07-05 21:50:41','0000-00-00 00:00:00',NULL,'0000-00-00 00:00:00',0,0,0),(58,33,'',0,NULL,1,0,1,0,'2015-07-05 21:50:42','0000-00-00 00:00:00',NULL,'0000-00-00 00:00:00',0,0,0),(59,34,'',0,NULL,1,0,1,0,'2015-07-05 21:50:42','0000-00-00 00:00:00',NULL,'0000-00-00 00:00:00',0,0,0),(60,35,'',0,NULL,1,0,1,0,'2015-07-05 21:50:43','0000-00-00 00:00:00',NULL,'0000-00-00 00:00:00',0,0,0),(61,36,'',0,NULL,1,0,1,0,'2015-07-05 21:50:43','0000-00-00 00:00:00',NULL,'0000-00-00 00:00:00',0,0,0),(62,93,'',0,NULL,1,0,1,0,'2015-07-05 21:50:49','0000-00-00 00:00:00',NULL,'0000-00-00 00:00:00',0,0,0),(63,94,'',0,NULL,1,0,1,0,'2015-07-05 21:50:50','0000-00-00 00:00:00',NULL,'0000-00-00 00:00:00',0,0,0),(64,95,'',0,NULL,1,0,1,0,'2015-07-05 21:50:50','0000-00-00 00:00:00',NULL,'0000-00-00 00:00:00',0,0,0),(65,96,'',0,NULL,1,0,1,0,'2015-07-05 21:50:50','0000-00-00 00:00:00',NULL,'0000-00-00 00:00:00',0,0,0),(66,97,'',0,NULL,1,0,1,0,'2015-07-05 21:50:51','0000-00-00 00:00:00',NULL,'0000-00-00 00:00:00',0,0,0),(67,98,'',0,NULL,1,0,1,0,'2015-07-05 21:50:51','0000-00-00 00:00:00',NULL,'0000-00-00 00:00:00',0,0,0),(68,99,'',0,NULL,1,0,1,0,'2015-07-05 21:50:52','0000-00-00 00:00:00',NULL,'0000-00-00 00:00:00',0,0,0),(69,100,'',0,NULL,1,0,1,0,'2015-07-05 21:50:52','0000-00-00 00:00:00',NULL,'0000-00-00 00:00:00',0,0,0),(70,101,'',0,NULL,1,0,1,0,'2015-07-05 21:50:52','0000-00-00 00:00:00',NULL,'0000-00-00 00:00:00',0,0,0),(71,102,'',0,NULL,1,0,1,0,'2015-07-06 16:59:13','0000-00-00 00:00:00',NULL,'0000-00-00 00:00:00',0,0,0),(72,103,'',0,NULL,1,0,1,0,'2015-07-06 16:59:14','0000-00-00 00:00:00',NULL,'0000-00-00 00:00:00',0,0,0),(73,104,'',0,NULL,1,0,1,0,'2015-07-06 16:59:14','0000-00-00 00:00:00',NULL,'0000-00-00 00:00:00',0,0,0),(74,105,'',0,NULL,1,0,1,0,'2015-07-06 16:59:15','0000-00-00 00:00:00',NULL,'0000-00-00 00:00:00',0,0,0),(75,109,'',0,NULL,1,0,1,0,'2015-07-06 20:11:50','0000-00-00 00:00:00',NULL,'0000-00-00 00:00:00',0,0,0),(76,110,'',0,NULL,1,0,1,0,'2015-07-06 20:11:50','0000-00-00 00:00:00',NULL,'0000-00-00 00:00:00',0,0,0),(77,111,'',0,NULL,1,0,1,0,'2015-07-06 20:11:51','0000-00-00 00:00:00',NULL,'0000-00-00 00:00:00',0,0,0),(78,112,'',0,NULL,1,0,1,0,'2015-07-06 20:11:51','0000-00-00 00:00:00',NULL,'0000-00-00 00:00:00',0,0,0),(79,113,'',0,NULL,1,0,1,0,'2015-07-06 20:11:52','0000-00-00 00:00:00',NULL,'0000-00-00 00:00:00',0,0,0),(80,114,'',0,NULL,1,0,1,0,'2015-07-06 20:11:53','0000-00-00 00:00:00',NULL,'0000-00-00 00:00:00',0,0,0),(82,116,'',0,NULL,1,0,1,0,'2015-07-06 21:51:03','0000-00-00 00:00:00',NULL,'0000-00-00 00:00:00',0,0,0),(83,117,'',0,NULL,1,0,1,0,'2015-07-06 21:51:04','0000-00-00 00:00:00',NULL,'0000-00-00 00:00:00',0,0,0),(84,118,'',0,NULL,1,0,1,0,'2015-07-06 21:51:04','0000-00-00 00:00:00',NULL,'0000-00-00 00:00:00',0,0,0),(85,119,'',0,NULL,1,0,1,0,'2015-07-06 21:51:05','0000-00-00 00:00:00',NULL,'0000-00-00 00:00:00',0,0,0),(86,120,'',0,NULL,1,0,1,0,'2015-07-06 21:51:06','0000-00-00 00:00:00',NULL,'0000-00-00 00:00:00',0,0,0),(87,121,'',0,NULL,1,0,1,0,'2015-07-06 21:51:06','0000-00-00 00:00:00',NULL,'0000-00-00 00:00:00',0,0,0),(88,122,'',0,NULL,1,0,1,0,'2015-07-06 21:51:07','0000-00-00 00:00:00',NULL,'0000-00-00 00:00:00',0,0,0),(89,123,'',0,NULL,1,0,1,0,'2015-07-06 21:51:08','0000-00-00 00:00:00',NULL,'0000-00-00 00:00:00',0,0,0),(90,124,'',0,NULL,1,0,1,0,'2015-07-06 21:51:08','0000-00-00 00:00:00',NULL,'0000-00-00 00:00:00',0,0,0),(91,126,'',0,NULL,1,0,1,0,'2015-07-08 00:51:58','0000-00-00 00:00:00',NULL,'0000-00-00 00:00:00',0,0,0),(92,127,'',0,NULL,1,0,1,0,'2015-07-08 00:51:58','0000-00-00 00:00:00',NULL,'0000-00-00 00:00:00',0,0,0),(93,128,'',0,NULL,1,0,1,0,'2015-07-08 00:51:59','0000-00-00 00:00:00',NULL,'0000-00-00 00:00:00',0,0,0),(94,129,'',0,NULL,1,0,1,0,'2015-07-08 00:52:00','0000-00-00 00:00:00',NULL,'0000-00-00 00:00:00',0,0,0),(95,130,'',0,NULL,1,0,1,0,'2015-07-08 00:52:01','0000-00-00 00:00:00',NULL,'0000-00-00 00:00:00',0,0,0),(96,131,'',0,NULL,1,0,1,0,'2015-07-08 00:52:03','0000-00-00 00:00:00',NULL,'0000-00-00 00:00:00',0,0,0),(97,132,'',0,NULL,1,0,1,0,'2015-07-08 00:52:03','0000-00-00 00:00:00',NULL,'0000-00-00 00:00:00',0,0,0),(98,133,'',0,NULL,1,0,1,0,'2015-07-08 00:52:04','0000-00-00 00:00:00',NULL,'0000-00-00 00:00:00',0,0,0),(99,134,'',0,NULL,1,0,1,0,'2015-07-08 00:52:04','0000-00-00 00:00:00',NULL,'0000-00-00 00:00:00',0,0,0),(100,135,'',0,NULL,1,0,1,0,'2015-07-08 20:58:46','0000-00-00 00:00:00',NULL,'0000-00-00 00:00:00',0,0,0),(101,136,'',0,NULL,1,0,1,0,'2015-07-08 20:58:46','0000-00-00 00:00:00',NULL,'0000-00-00 00:00:00',0,0,0),(102,137,'',0,NULL,1,0,1,0,'2015-07-08 20:58:47','0000-00-00 00:00:00',NULL,'0000-00-00 00:00:00',0,0,0),(103,138,'',0,NULL,1,0,1,0,'2015-07-08 20:58:47','0000-00-00 00:00:00',NULL,'0000-00-00 00:00:00',0,0,0),(104,139,'',0,NULL,1,0,1,0,'2015-07-08 20:58:48','0000-00-00 00:00:00',NULL,'0000-00-00 00:00:00',0,0,0),(105,140,'',0,NULL,1,0,1,0,'2015-07-08 20:58:48','0000-00-00 00:00:00',NULL,'0000-00-00 00:00:00',0,0,0),(106,141,'',0,NULL,1,0,1,0,'2015-07-08 20:58:49','0000-00-00 00:00:00',NULL,'0000-00-00 00:00:00',0,0,0),(107,142,'',0,NULL,1,0,1,0,'2015-07-08 20:58:49','0000-00-00 00:00:00',NULL,'0000-00-00 00:00:00',0,0,0),(108,143,'',0,NULL,1,0,1,0,'2015-07-08 20:58:50','0000-00-00 00:00:00',NULL,'0000-00-00 00:00:00',0,0,0),(109,144,'',0,NULL,1,0,1,0,'2015-07-08 20:58:51','0000-00-00 00:00:00',NULL,'0000-00-00 00:00:00',0,0,0),(110,145,'',0,NULL,1,0,1,0,'2015-07-08 20:58:51','0000-00-00 00:00:00',NULL,'0000-00-00 00:00:00',0,0,0),(111,146,'',0,NULL,1,0,1,0,'2015-07-08 20:58:52','0000-00-00 00:00:00',NULL,'0000-00-00 00:00:00',0,0,0),(112,147,'',0,NULL,1,0,1,0,'2015-07-08 20:58:53','0000-00-00 00:00:00',NULL,'0000-00-00 00:00:00',0,0,0),(113,148,'',0,NULL,1,0,1,0,'2015-07-08 20:58:53','0000-00-00 00:00:00',NULL,'0000-00-00 00:00:00',0,0,0),(114,149,'',0,NULL,1,0,1,0,'2015-07-08 20:58:54','0000-00-00 00:00:00',NULL,'0000-00-00 00:00:00',0,0,0),(115,150,'',0,NULL,1,0,1,0,'2015-07-08 20:58:55','0000-00-00 00:00:00',NULL,'0000-00-00 00:00:00',0,0,0),(116,151,'',0,NULL,1,0,1,0,'2015-07-08 20:58:55','0000-00-00 00:00:00',NULL,'0000-00-00 00:00:00',0,0,0),(117,152,'',0,NULL,1,0,1,0,'2015-07-08 20:58:56','0000-00-00 00:00:00',NULL,'0000-00-00 00:00:00',0,0,0),(118,153,'',0,NULL,1,0,1,0,'2015-07-08 20:58:56','0000-00-00 00:00:00',NULL,'0000-00-00 00:00:00',0,0,0),(119,154,'',0,NULL,1,0,1,0,'2015-07-08 20:58:57','0000-00-00 00:00:00',NULL,'0000-00-00 00:00:00',0,0,0),(120,155,'',0,NULL,1,0,1,0,'2015-07-08 20:58:57','0000-00-00 00:00:00',NULL,'0000-00-00 00:00:00',0,0,0),(121,156,'',0,NULL,1,0,1,0,'2015-07-08 20:58:58','0000-00-00 00:00:00',NULL,'0000-00-00 00:00:00',0,0,0),(122,157,'',0,NULL,1,0,1,0,'2015-07-08 20:58:58','0000-00-00 00:00:00',NULL,'0000-00-00 00:00:00',0,0,0),(123,158,'',0,NULL,1,0,1,0,'2015-07-08 20:58:59','0000-00-00 00:00:00',NULL,'0000-00-00 00:00:00',0,0,0),(124,159,'',0,NULL,1,0,1,0,'2015-07-10 02:16:10','0000-00-00 00:00:00',NULL,'0000-00-00 00:00:00',0,0,0),(125,160,'',0,NULL,1,0,1,0,'2015-07-10 02:16:10','0000-00-00 00:00:00',NULL,'0000-00-00 00:00:00',0,0,0),(126,161,'',0,NULL,1,0,1,0,'2015-07-10 02:16:11','0000-00-00 00:00:00',NULL,'0000-00-00 00:00:00',0,0,0),(127,162,'',0,NULL,1,0,1,0,'2015-07-10 02:16:11','0000-00-00 00:00:00',NULL,'0000-00-00 00:00:00',0,0,0),(128,163,'',0,NULL,1,0,1,0,'2015-07-10 02:16:12','0000-00-00 00:00:00',NULL,'0000-00-00 00:00:00',0,0,0),(129,164,'',0,NULL,1,0,1,0,'2015-07-10 02:16:13','0000-00-00 00:00:00',NULL,'0000-00-00 00:00:00',0,0,0),(130,165,'',0,NULL,1,0,1,0,'2015-07-10 02:16:13','0000-00-00 00:00:00',NULL,'0000-00-00 00:00:00',0,0,0),(131,166,'',0,NULL,1,0,1,0,'2015-07-10 02:16:14','0000-00-00 00:00:00',NULL,'0000-00-00 00:00:00',0,0,0),(132,167,'',0,NULL,1,0,1,0,'2015-07-10 02:16:14','0000-00-00 00:00:00',NULL,'0000-00-00 00:00:00',0,0,0),(133,168,'',0,NULL,1,0,1,0,'2015-07-10 02:16:15','0000-00-00 00:00:00',NULL,'0000-00-00 00:00:00',0,0,0),(134,169,'',0,NULL,1,0,1,0,'2015-07-10 02:16:15','0000-00-00 00:00:00',NULL,'0000-00-00 00:00:00',0,0,0),(135,170,'',0,NULL,1,0,1,0,'2015-07-10 02:16:16','0000-00-00 00:00:00',NULL,'0000-00-00 00:00:00',0,0,0),(136,171,'',0,NULL,1,0,1,0,'2015-07-10 02:16:16','0000-00-00 00:00:00',NULL,'0000-00-00 00:00:00',0,0,0),(137,172,'',0,NULL,1,0,1,0,'2015-07-10 02:16:17','0000-00-00 00:00:00',NULL,'0000-00-00 00:00:00',0,0,0),(138,173,'',0,NULL,1,0,1,0,'2015-07-10 02:16:17','0000-00-00 00:00:00',NULL,'0000-00-00 00:00:00',0,0,0),(139,174,'',0,NULL,1,0,1,0,'2015-07-10 02:16:18','0000-00-00 00:00:00',NULL,'0000-00-00 00:00:00',0,0,0),(140,175,'',0,NULL,1,0,1,0,'2015-07-10 02:16:18','0000-00-00 00:00:00',NULL,'0000-00-00 00:00:00',0,0,0),(141,176,'',0,NULL,1,0,1,0,'2015-07-10 02:16:19','0000-00-00 00:00:00',NULL,'0000-00-00 00:00:00',0,0,0),(142,177,'',0,NULL,1,0,1,0,'2015-07-10 02:16:19','0000-00-00 00:00:00',NULL,'0000-00-00 00:00:00',0,0,0),(143,178,'',0,NULL,1,0,1,0,'2015-07-10 02:16:20','0000-00-00 00:00:00',NULL,'0000-00-00 00:00:00',0,0,0),(144,179,'',0,NULL,1,0,1,0,'2015-07-10 02:16:20','0000-00-00 00:00:00',NULL,'0000-00-00 00:00:00',0,0,0),(145,180,'',0,NULL,1,0,1,0,'2015-07-10 02:16:21','0000-00-00 00:00:00',NULL,'0000-00-00 00:00:00',0,0,0),(146,181,'',0,NULL,1,0,1,0,'2015-07-10 02:16:21','0000-00-00 00:00:00',NULL,'0000-00-00 00:00:00',0,0,0),(147,182,'',0,NULL,1,0,1,0,'2015-07-13 20:24:22','0000-00-00 00:00:00',NULL,'0000-00-00 00:00:00',0,0,0),(148,183,'',0,NULL,1,0,1,0,'2015-07-13 20:24:23','0000-00-00 00:00:00',NULL,'0000-00-00 00:00:00',0,0,0),(149,184,'',0,NULL,1,0,1,0,'2015-07-13 20:24:24','0000-00-00 00:00:00',NULL,'0000-00-00 00:00:00',0,0,0),(150,185,'',0,NULL,1,0,1,0,'2015-07-13 20:24:24','0000-00-00 00:00:00',NULL,'0000-00-00 00:00:00',0,0,0),(151,186,'',0,NULL,1,0,1,0,'2015-07-13 20:24:25','0000-00-00 00:00:00',NULL,'0000-00-00 00:00:00',0,0,0),(152,187,'',0,NULL,1,0,1,0,'2015-07-13 20:24:25','0000-00-00 00:00:00',NULL,'0000-00-00 00:00:00',0,0,0),(153,188,'',0,NULL,1,0,1,0,'2015-07-13 20:24:26','0000-00-00 00:00:00',NULL,'0000-00-00 00:00:00',0,0,0),(154,189,'',0,NULL,1,0,1,0,'2015-07-13 20:24:26','0000-00-00 00:00:00',NULL,'0000-00-00 00:00:00',0,0,0),(155,190,'',0,NULL,1,0,1,0,'2015-07-13 20:24:26','0000-00-00 00:00:00',NULL,'0000-00-00 00:00:00',0,0,0),(156,191,'',0,NULL,1,0,1,0,'2015-07-13 20:24:27','0000-00-00 00:00:00',NULL,'0000-00-00 00:00:00',0,0,0),(157,192,'',0,NULL,1,0,1,0,'2015-07-13 20:24:27','0000-00-00 00:00:00',NULL,'0000-00-00 00:00:00',0,0,0),(158,193,'',0,NULL,1,0,1,0,'2015-07-13 20:24:28','0000-00-00 00:00:00',NULL,'0000-00-00 00:00:00',0,0,0),(159,194,'',0,NULL,1,0,1,0,'2015-07-13 20:24:28','0000-00-00 00:00:00',NULL,'0000-00-00 00:00:00',0,0,0),(160,195,'',0,NULL,1,0,1,0,'2015-07-13 20:24:29','0000-00-00 00:00:00',NULL,'0000-00-00 00:00:00',0,0,0),(161,196,'',0,NULL,1,0,1,0,'2015-07-13 20:24:29','0000-00-00 00:00:00',NULL,'0000-00-00 00:00:00',0,0,0),(162,197,'',0,NULL,1,0,1,0,'2015-07-13 20:24:29','0000-00-00 00:00:00',NULL,'0000-00-00 00:00:00',0,0,0),(163,198,'',0,NULL,1,0,1,0,'2015-07-13 20:24:30','0000-00-00 00:00:00',NULL,'0000-00-00 00:00:00',0,0,0),(164,199,'',0,NULL,1,0,1,0,'2015-07-13 20:24:30','0000-00-00 00:00:00',NULL,'0000-00-00 00:00:00',0,0,0),(165,200,'',0,NULL,1,0,1,0,'2015-07-13 20:24:31','0000-00-00 00:00:00',NULL,'0000-00-00 00:00:00',0,0,0),(166,201,'',0,NULL,1,0,1,0,'2015-07-13 20:24:31','0000-00-00 00:00:00',NULL,'0000-00-00 00:00:00',0,0,0),(167,202,'',0,NULL,1,0,1,0,'2015-07-13 20:24:32','0000-00-00 00:00:00',NULL,'0000-00-00 00:00:00',0,0,0),(168,203,'',0,NULL,1,0,1,0,'2015-07-13 20:24:32','0000-00-00 00:00:00',NULL,'0000-00-00 00:00:00',0,0,0),(169,204,'',0,NULL,1,0,1,0,'2015-07-13 20:24:33','0000-00-00 00:00:00',NULL,'0000-00-00 00:00:00',0,0,0),(170,205,'',0,NULL,1,0,1,0,'2015-07-13 20:24:33','0000-00-00 00:00:00',NULL,'0000-00-00 00:00:00',0,0,0),(171,206,'',0,NULL,1,0,1,0,'2015-07-13 20:24:33','0000-00-00 00:00:00',NULL,'0000-00-00 00:00:00',0,0,0),(172,207,'',0,NULL,1,0,1,0,'2015-07-13 20:24:34','0000-00-00 00:00:00',NULL,'0000-00-00 00:00:00',0,0,0),(173,208,'',0,NULL,1,0,1,0,'2015-07-13 20:24:34','0000-00-00 00:00:00',NULL,'0000-00-00 00:00:00',0,0,0),(174,209,'',0,NULL,1,0,1,0,'2015-07-13 20:24:35','0000-00-00 00:00:00',NULL,'0000-00-00 00:00:00',0,0,0),(175,210,'',0,NULL,1,0,1,0,'2015-07-13 20:24:35','0000-00-00 00:00:00',NULL,'0000-00-00 00:00:00',0,0,0),(176,211,'',0,NULL,1,0,1,0,'2015-07-13 20:24:36','0000-00-00 00:00:00',NULL,'0000-00-00 00:00:00',0,0,0),(177,212,'',0,NULL,1,0,1,0,'2015-07-15 00:15:52','0000-00-00 00:00:00',NULL,'0000-00-00 00:00:00',0,0,0),(178,213,'',0,NULL,1,0,1,0,'2015-07-15 00:15:53','0000-00-00 00:00:00',NULL,'0000-00-00 00:00:00',0,0,0),(179,214,'',0,NULL,1,0,1,0,'2015-07-15 00:15:54','0000-00-00 00:00:00',NULL,'0000-00-00 00:00:00',0,0,0),(180,215,'',0,NULL,1,0,1,0,'2015-07-15 00:15:54','0000-00-00 00:00:00',NULL,'0000-00-00 00:00:00',0,0,0),(181,216,'',0,NULL,1,0,1,0,'2015-07-15 00:15:55','0000-00-00 00:00:00',NULL,'0000-00-00 00:00:00',0,0,0),(182,217,'',0,NULL,1,0,1,0,'2015-07-15 00:15:55','0000-00-00 00:00:00',NULL,'0000-00-00 00:00:00',0,0,0),(183,218,'',0,NULL,1,0,1,0,'2015-07-15 00:15:56','0000-00-00 00:00:00',NULL,'0000-00-00 00:00:00',0,0,0),(184,219,'',0,NULL,1,0,1,0,'2015-07-15 00:15:56','0000-00-00 00:00:00',NULL,'0000-00-00 00:00:00',0,0,0),(185,220,'',0,NULL,1,0,1,0,'2015-07-15 00:15:57','0000-00-00 00:00:00',NULL,'0000-00-00 00:00:00',0,0,0),(186,221,'',0,NULL,1,0,1,0,'2015-07-15 00:15:57','0000-00-00 00:00:00',NULL,'0000-00-00 00:00:00',0,0,0),(187,222,'',0,NULL,1,0,1,0,'2015-07-15 00:15:58','0000-00-00 00:00:00',NULL,'0000-00-00 00:00:00',0,0,0),(188,223,'',0,NULL,1,0,1,0,'2015-07-15 00:15:59','0000-00-00 00:00:00',NULL,'0000-00-00 00:00:00',0,0,0),(189,224,'',0,NULL,1,0,1,0,'2015-07-15 00:15:59','0000-00-00 00:00:00',NULL,'0000-00-00 00:00:00',0,0,0),(190,225,'',0,NULL,1,0,1,0,'2015-07-15 00:15:59','0000-00-00 00:00:00',NULL,'0000-00-00 00:00:00',0,0,0),(191,226,'',0,NULL,1,0,1,0,'2015-07-15 00:16:00','0000-00-00 00:00:00',NULL,'0000-00-00 00:00:00',0,0,0),(192,227,'',0,NULL,1,0,1,0,'2015-07-15 00:16:00','0000-00-00 00:00:00',NULL,'0000-00-00 00:00:00',0,0,0),(193,228,'',0,NULL,1,0,1,0,'2015-07-15 00:16:01','0000-00-00 00:00:00',NULL,'0000-00-00 00:00:00',0,0,0),(194,229,'',0,NULL,1,0,1,0,'2015-07-15 00:16:01','0000-00-00 00:00:00',NULL,'0000-00-00 00:00:00',0,0,0),(195,230,'',0,NULL,1,0,1,0,'2015-07-15 00:16:02','0000-00-00 00:00:00',NULL,'0000-00-00 00:00:00',0,0,0),(196,231,'',0,NULL,1,0,1,0,'2015-07-15 00:16:02','0000-00-00 00:00:00',NULL,'0000-00-00 00:00:00',0,0,0),(197,232,'',0,NULL,1,0,1,0,'2015-07-15 00:16:03','0000-00-00 00:00:00',NULL,'0000-00-00 00:00:00',0,0,0),(198,233,'',0,NULL,1,0,1,0,'2015-07-15 00:16:03','0000-00-00 00:00:00',NULL,'0000-00-00 00:00:00',0,0,0),(199,234,'',0,NULL,1,0,1,0,'2015-07-15 00:16:04','0000-00-00 00:00:00',NULL,'0000-00-00 00:00:00',0,0,0),(200,235,'',0,NULL,1,0,1,0,'2015-07-15 00:16:04','0000-00-00 00:00:00',NULL,'0000-00-00 00:00:00',0,0,0),(201,236,'',0,NULL,1,0,1,0,'2015-07-15 00:16:05','0000-00-00 00:00:00',NULL,'0000-00-00 00:00:00',0,0,0),(202,237,'',0,NULL,1,0,1,0,'2015-07-15 00:16:05','0000-00-00 00:00:00',NULL,'0000-00-00 00:00:00',0,0,0),(203,238,'',0,NULL,1,0,1,0,'2015-07-15 00:16:06','0000-00-00 00:00:00',NULL,'0000-00-00 00:00:00',0,0,0),(204,239,'',0,NULL,1,0,1,0,'2015-07-15 00:16:06','0000-00-00 00:00:00',NULL,'0000-00-00 00:00:00',0,0,0),(205,240,'',0,NULL,1,0,1,0,'2015-07-15 00:16:06','0000-00-00 00:00:00',NULL,'0000-00-00 00:00:00',0,0,0),(206,241,'',0,NULL,1,0,1,0,'2015-07-15 00:16:07','0000-00-00 00:00:00',NULL,'0000-00-00 00:00:00',0,0,0),(207,242,'',0,NULL,1,0,1,0,'2015-07-15 00:16:07','0000-00-00 00:00:00',NULL,'0000-00-00 00:00:00',0,0,0),(208,243,'',0,NULL,1,0,1,0,'2015-07-15 00:16:08','0000-00-00 00:00:00',NULL,'0000-00-00 00:00:00',0,0,0),(209,244,'',0,NULL,1,0,1,0,'2015-07-16 20:52:38','0000-00-00 00:00:00',NULL,'0000-00-00 00:00:00',0,0,0),(210,245,'',0,NULL,1,0,1,0,'2015-07-16 20:52:38','0000-00-00 00:00:00',NULL,'0000-00-00 00:00:00',0,0,0),(211,246,'',0,NULL,1,0,1,0,'2015-07-16 20:52:39','0000-00-00 00:00:00',NULL,'0000-00-00 00:00:00',0,0,0),(212,247,'',0,NULL,1,0,1,0,'2015-07-16 20:52:40','0000-00-00 00:00:00',NULL,'0000-00-00 00:00:00',0,0,0),(213,248,'',0,NULL,1,0,1,0,'2015-07-16 20:52:40','0000-00-00 00:00:00',NULL,'0000-00-00 00:00:00',0,0,0),(214,249,'',0,NULL,1,0,1,0,'2015-07-16 20:52:41','0000-00-00 00:00:00',NULL,'0000-00-00 00:00:00',0,0,0),(215,250,'',0,NULL,1,0,1,0,'2015-07-16 20:52:41','0000-00-00 00:00:00',NULL,'0000-00-00 00:00:00',0,0,0),(216,251,'',0,NULL,1,0,1,0,'2015-07-16 20:52:42','0000-00-00 00:00:00',NULL,'0000-00-00 00:00:00',0,0,0),(217,252,'',0,NULL,1,0,1,0,'2015-07-16 20:52:42','0000-00-00 00:00:00',NULL,'0000-00-00 00:00:00',0,0,0),(218,253,'',0,NULL,1,0,1,0,'2015-07-16 20:52:43','0000-00-00 00:00:00',NULL,'0000-00-00 00:00:00',0,0,0),(219,254,'',0,NULL,1,0,1,0,'2015-07-17 04:02:27','0000-00-00 00:00:00',NULL,'0000-00-00 00:00:00',0,0,0),(220,255,'',0,NULL,1,0,1,0,'2015-07-17 04:02:29','0000-00-00 00:00:00',NULL,'0000-00-00 00:00:00',0,0,0),(221,256,'',0,NULL,1,0,1,0,'2015-07-17 04:02:30','0000-00-00 00:00:00',NULL,'0000-00-00 00:00:00',0,0,0),(222,257,'',0,NULL,1,0,1,0,'2015-07-17 04:02:31','0000-00-00 00:00:00',NULL,'0000-00-00 00:00:00',0,0,0),(223,258,'',0,NULL,1,0,1,0,'2015-07-17 04:02:32','0000-00-00 00:00:00',NULL,'0000-00-00 00:00:00',0,0,0),(224,259,'',0,NULL,1,0,1,0,'2015-07-17 04:02:33','0000-00-00 00:00:00',NULL,'0000-00-00 00:00:00',0,0,0),(225,260,'',0,NULL,1,0,1,0,'2015-07-17 04:02:34','0000-00-00 00:00:00',NULL,'0000-00-00 00:00:00',0,0,0),(226,261,'',0,NULL,1,0,1,0,'2015-07-17 04:02:35','0000-00-00 00:00:00',NULL,'0000-00-00 00:00:00',0,0,0),(227,262,'',0,NULL,1,0,1,0,'2015-07-17 04:02:36','0000-00-00 00:00:00',NULL,'0000-00-00 00:00:00',0,0,0),(228,263,'',0,NULL,1,0,1,0,'2015-07-18 01:19:14','0000-00-00 00:00:00',NULL,'0000-00-00 00:00:00',0,0,0),(229,264,'',0,NULL,1,0,1,0,'2015-07-18 01:19:14','0000-00-00 00:00:00',NULL,'0000-00-00 00:00:00',0,0,0),(230,265,'',0,NULL,1,0,1,0,'2015-07-18 01:19:15','0000-00-00 00:00:00',NULL,'0000-00-00 00:00:00',0,0,0),(231,266,'',0,NULL,1,0,1,0,'2015-07-18 01:19:15','0000-00-00 00:00:00',NULL,'0000-00-00 00:00:00',0,0,0),(232,267,'',0,NULL,1,0,1,0,'2015-07-18 01:19:16','0000-00-00 00:00:00',NULL,'0000-00-00 00:00:00',0,0,0),(233,268,'',0,NULL,1,0,1,0,'2015-07-18 01:19:17','0000-00-00 00:00:00',NULL,'0000-00-00 00:00:00',0,0,0),(234,269,'',0,NULL,1,0,1,0,'2015-07-18 01:19:18','0000-00-00 00:00:00',NULL,'0000-00-00 00:00:00',0,0,0),(235,270,'',0,NULL,1,0,1,0,'2015-07-18 01:19:19','0000-00-00 00:00:00',NULL,'0000-00-00 00:00:00',0,0,0),(236,271,'',0,NULL,1,0,1,0,'2015-07-18 01:19:20','0000-00-00 00:00:00',NULL,'0000-00-00 00:00:00',0,0,0),(237,272,'',0,NULL,1,0,1,0,'2015-07-18 01:19:20','0000-00-00 00:00:00',NULL,'0000-00-00 00:00:00',0,0,0),(238,273,'',0,NULL,1,0,1,0,'2015-07-18 01:19:21','0000-00-00 00:00:00',NULL,'0000-00-00 00:00:00',0,0,0),(239,274,'',0,NULL,1,0,1,0,'2015-07-18 01:19:22','0000-00-00 00:00:00',NULL,'0000-00-00 00:00:00',0,0,0),(240,275,'',0,NULL,1,0,1,0,'2015-07-18 03:29:44','0000-00-00 00:00:00',NULL,'0000-00-00 00:00:00',0,0,0),(241,276,'',0,NULL,1,0,1,0,'2015-07-18 03:29:44','0000-00-00 00:00:00',NULL,'0000-00-00 00:00:00',0,0,0),(242,277,'',0,NULL,1,0,1,0,'2015-07-18 03:29:45','0000-00-00 00:00:00',NULL,'0000-00-00 00:00:00',0,0,0),(243,278,'',0,NULL,1,0,1,0,'2015-07-18 03:29:45','0000-00-00 00:00:00',NULL,'0000-00-00 00:00:00',0,0,0),(244,279,'',0,NULL,1,0,1,0,'2015-07-23 02:52:19','0000-00-00 00:00:00',NULL,'0000-00-00 00:00:00',0,0,0),(245,280,'',0,NULL,1,0,1,0,'2015-07-23 02:52:19','0000-00-00 00:00:00',NULL,'0000-00-00 00:00:00',0,0,0),(246,281,'',0,NULL,1,0,1,0,'2015-07-23 02:52:20','0000-00-00 00:00:00',NULL,'0000-00-00 00:00:00',0,0,0),(247,282,'',0,NULL,1,0,1,0,'2015-07-23 02:52:21','0000-00-00 00:00:00',NULL,'0000-00-00 00:00:00',0,0,0),(248,283,'',0,NULL,1,0,1,0,'2015-07-23 02:52:21','0000-00-00 00:00:00',NULL,'0000-00-00 00:00:00',0,0,0),(249,284,'',0,NULL,1,0,1,0,'2015-07-23 02:52:22','0000-00-00 00:00:00',NULL,'0000-00-00 00:00:00',0,0,0),(250,285,'',0,NULL,1,0,1,0,'2015-07-23 02:52:22','0000-00-00 00:00:00',NULL,'0000-00-00 00:00:00',0,0,0),(251,286,'',0,NULL,1,0,1,0,'2015-07-23 02:52:23','0000-00-00 00:00:00',NULL,'0000-00-00 00:00:00',0,0,0),(252,287,'',0,NULL,1,0,1,0,'2015-07-23 02:52:23','0000-00-00 00:00:00',NULL,'0000-00-00 00:00:00',0,0,0),(253,288,'',0,NULL,1,0,1,0,'2015-07-23 02:52:24','0000-00-00 00:00:00',NULL,'0000-00-00 00:00:00',0,0,0),(254,289,'',0,NULL,1,0,1,0,'2015-07-23 02:52:24','0000-00-00 00:00:00',NULL,'0000-00-00 00:00:00',0,0,0),(255,290,'',0,NULL,1,0,1,0,'2015-07-23 02:52:25','0000-00-00 00:00:00',NULL,'0000-00-00 00:00:00',0,0,0),(256,291,'',0,NULL,1,0,1,0,'2015-07-23 02:52:25','0000-00-00 00:00:00',NULL,'0000-00-00 00:00:00',0,0,0),(257,292,'',0,NULL,1,0,1,0,'2015-07-23 02:52:26','0000-00-00 00:00:00',NULL,'0000-00-00 00:00:00',0,0,0),(258,293,'',0,NULL,1,0,1,0,'2015-07-23 02:52:26','0000-00-00 00:00:00',NULL,'0000-00-00 00:00:00',0,0,0),(259,294,'',0,NULL,1,0,1,0,'2015-07-23 02:52:27','0000-00-00 00:00:00',NULL,'0000-00-00 00:00:00',0,0,0),(260,295,'',0,NULL,1,0,1,0,'2015-07-23 02:52:27','0000-00-00 00:00:00',NULL,'0000-00-00 00:00:00',0,0,0),(261,296,'',0,NULL,1,0,1,0,'2015-07-23 02:52:28','0000-00-00 00:00:00',NULL,'0000-00-00 00:00:00',0,0,0),(262,297,'',0,NULL,1,0,1,0,'2015-07-23 02:52:28','0000-00-00 00:00:00',NULL,'0000-00-00 00:00:00',0,0,0),(263,298,'',0,NULL,1,0,1,0,'2015-07-23 02:52:29','0000-00-00 00:00:00',NULL,'0000-00-00 00:00:00',0,0,0),(264,299,'',0,NULL,1,0,1,0,'2015-07-23 02:52:29','0000-00-00 00:00:00',NULL,'0000-00-00 00:00:00',0,0,0),(265,300,'',0,NULL,1,0,1,0,'2015-07-23 02:52:30','0000-00-00 00:00:00',NULL,'0000-00-00 00:00:00',0,0,0),(266,301,'',0,NULL,1,0,1,0,'2015-07-23 02:52:31','0000-00-00 00:00:00',NULL,'0000-00-00 00:00:00',0,0,0),(267,302,'',0,NULL,1,0,1,0,'2015-07-23 02:52:31','0000-00-00 00:00:00',NULL,'0000-00-00 00:00:00',0,0,0),(268,303,'',0,NULL,1,0,1,0,'2015-07-23 02:52:32','0000-00-00 00:00:00',NULL,'0000-00-00 00:00:00',0,0,0),(269,304,'',0,NULL,1,0,1,0,'2015-07-23 03:02:01','0000-00-00 00:00:00',NULL,'0000-00-00 00:00:00',0,0,0),(270,305,'',0,NULL,1,0,1,0,'2015-07-23 03:02:02','0000-00-00 00:00:00',NULL,'0000-00-00 00:00:00',0,0,0),(271,306,'',0,NULL,1,0,1,0,'2015-07-23 03:02:02','0000-00-00 00:00:00',NULL,'0000-00-00 00:00:00',0,0,0),(272,307,'',0,NULL,1,0,1,0,'2015-07-23 03:02:03','0000-00-00 00:00:00',NULL,'0000-00-00 00:00:00',0,0,0),(273,308,'',0,NULL,1,0,1,0,'2015-07-23 03:02:03','0000-00-00 00:00:00',NULL,'0000-00-00 00:00:00',0,0,0),(274,309,'',0,NULL,1,0,1,0,'2015-07-23 03:02:04','0000-00-00 00:00:00',NULL,'0000-00-00 00:00:00',0,0,0),(275,310,'',0,NULL,1,0,1,0,'2015-07-23 03:02:05','0000-00-00 00:00:00',NULL,'0000-00-00 00:00:00',0,0,0),(276,311,'',0,NULL,1,0,1,0,'2015-07-23 03:02:05','0000-00-00 00:00:00',NULL,'0000-00-00 00:00:00',0,0,0),(277,312,'',0,NULL,1,0,1,0,'2015-07-23 03:02:06','0000-00-00 00:00:00',NULL,'0000-00-00 00:00:00',0,0,0),(278,313,'',0,NULL,1,0,1,0,'2015-07-23 03:02:06','0000-00-00 00:00:00',NULL,'0000-00-00 00:00:00',0,0,0),(279,314,'',0,NULL,1,0,1,0,'2015-07-23 03:02:08','0000-00-00 00:00:00',NULL,'0000-00-00 00:00:00',0,0,0),(280,315,'',0,NULL,1,0,1,0,'2015-07-23 03:02:08','0000-00-00 00:00:00',NULL,'0000-00-00 00:00:00',0,0,0),(281,316,'',0,NULL,1,0,1,0,'2015-07-23 03:02:09','0000-00-00 00:00:00',NULL,'0000-00-00 00:00:00',0,0,0),(282,317,'',0,NULL,1,0,1,0,'2015-07-27 02:56:44','0000-00-00 00:00:00',NULL,'0000-00-00 00:00:00',0,0,0),(283,318,'',0,NULL,1,0,1,0,'2015-07-27 02:56:46','0000-00-00 00:00:00',NULL,'0000-00-00 00:00:00',0,0,0),(284,319,'',0,NULL,1,0,1,0,'2015-07-27 02:56:46','0000-00-00 00:00:00',NULL,'0000-00-00 00:00:00',0,0,0),(285,320,'',0,NULL,1,0,1,0,'2015-07-27 02:56:47','0000-00-00 00:00:00',NULL,'0000-00-00 00:00:00',0,0,0),(286,321,'',0,NULL,1,0,1,0,'2015-07-27 02:56:50','0000-00-00 00:00:00',NULL,'0000-00-00 00:00:00',0,0,0),(287,322,'',0,NULL,1,0,1,0,'2015-07-27 02:56:52','0000-00-00 00:00:00',NULL,'0000-00-00 00:00:00',0,0,0),(288,323,'',0,NULL,1,0,1,0,'2015-07-27 02:56:54','0000-00-00 00:00:00',NULL,'0000-00-00 00:00:00',0,0,0),(289,324,'',0,NULL,1,0,1,0,'2015-07-27 02:56:57','0000-00-00 00:00:00',NULL,'0000-00-00 00:00:00',0,0,0),(290,325,'',0,NULL,1,0,1,0,'2015-07-27 02:56:59','0000-00-00 00:00:00',NULL,'0000-00-00 00:00:00',0,0,0),(291,326,'',0,NULL,1,0,1,0,'2015-07-27 02:57:02','0000-00-00 00:00:00',NULL,'0000-00-00 00:00:00',0,0,0),(292,327,'',0,NULL,1,0,1,0,'2015-07-27 02:57:04','0000-00-00 00:00:00',NULL,'0000-00-00 00:00:00',0,0,0),(293,328,'',0,NULL,1,0,1,0,'2015-07-27 02:57:07','0000-00-00 00:00:00',NULL,'0000-00-00 00:00:00',0,0,0),(294,329,'',0,NULL,1,0,1,0,'2015-07-27 02:57:09','0000-00-00 00:00:00',NULL,'0000-00-00 00:00:00',0,0,0),(295,330,'',0,NULL,1,0,1,0,'2015-07-27 02:57:11','0000-00-00 00:00:00',NULL,'0000-00-00 00:00:00',0,0,0),(296,331,'',0,NULL,1,0,1,0,'2015-07-27 02:57:14','0000-00-00 00:00:00',NULL,'0000-00-00 00:00:00',0,0,0),(297,332,'',0,NULL,1,0,1,0,'2015-07-27 02:57:16','0000-00-00 00:00:00',NULL,'0000-00-00 00:00:00',0,0,0),(298,333,'',0,NULL,1,0,1,0,'2015-07-27 02:57:18','0000-00-00 00:00:00',NULL,'0000-00-00 00:00:00',0,0,0),(299,334,'',0,NULL,1,0,1,0,'2015-07-27 02:57:20','0000-00-00 00:00:00',NULL,'0000-00-00 00:00:00',0,0,0),(300,335,'',0,NULL,1,0,1,0,'2015-07-27 02:57:21','0000-00-00 00:00:00',NULL,'0000-00-00 00:00:00',0,0,0),(301,336,'',0,NULL,1,0,1,0,'2015-07-27 02:57:23','0000-00-00 00:00:00',NULL,'0000-00-00 00:00:00',0,0,0),(302,337,'',0,NULL,1,0,1,0,'2015-07-27 02:57:25','0000-00-00 00:00:00',NULL,'0000-00-00 00:00:00',0,0,0),(303,338,'',0,NULL,1,0,1,0,'2015-07-27 02:57:25','0000-00-00 00:00:00',NULL,'0000-00-00 00:00:00',0,0,0),(304,339,'',0,NULL,1,0,1,0,'2015-07-27 02:57:26','0000-00-00 00:00:00',NULL,'0000-00-00 00:00:00',0,0,0),(305,340,'',0,NULL,1,0,1,0,'2015-07-27 02:57:27','0000-00-00 00:00:00',NULL,'0000-00-00 00:00:00',0,0,0),(306,341,'',0,NULL,1,0,1,0,'2015-07-27 02:57:27','0000-00-00 00:00:00',NULL,'0000-00-00 00:00:00',0,0,0),(307,342,'',0,NULL,1,0,1,0,'2015-07-27 02:57:28','0000-00-00 00:00:00',NULL,'0000-00-00 00:00:00',0,0,0),(308,343,'',0,NULL,1,0,1,0,'2015-07-27 02:57:28','0000-00-00 00:00:00',NULL,'0000-00-00 00:00:00',0,0,0);
/*!40000 ALTER TABLE `a_onsale` ENABLE KEYS */;
UNLOCK TABLES;

--
-- Table structure for table `a_order_book`
--

DROP TABLE IF EXISTS `a_order_book`;
/*!40101 SET @saved_cs_client     = @@character_set_client */;
/*!40101 SET character_set_client = utf8 */;
CREATE TABLE `a_order_book` (
  `order_book_id` int(11) NOT NULL AUTO_INCREMENT,
  `company_id` int(11) NOT NULL DEFAULT '-1',
  `user_id` int(11) NOT NULL DEFAULT '-1',
  `company_name` varchar(255) NOT NULL DEFAULT '',
  `created` timestamp NOT NULL DEFAULT CURRENT_TIMESTAMP,
  `onsale_id` int(11) NOT NULL DEFAULT '0',
  `order_type` int(11) NOT NULL DEFAULT '0',
  `no_account` int(11) NOT NULL DEFAULT '0',
  `active` int(11) NOT NULL DEFAULT '1',
  `job_id` int(11) NOT NULL DEFAULT '-1',
  PRIMARY KEY (`order_book_id`),
  UNIQUE KEY `company_sale_user_id` (`company_id`,`user_id`,`onsale_id`)
) ENGINE=InnoDB AUTO_INCREMENT=2 DEFAULT CHARSET=utf8;
/*!40101 SET character_set_client = @saved_cs_client */;

--
-- Dumping data for table `a_order_book`
--

LOCK TABLES `a_order_book` WRITE;
/*!40000 ALTER TABLE `a_order_book` DISABLE KEYS */;
INSERT INTO `a_order_book` VALUES (1,85,37,'','2015-07-07 22:20:07',46,0,0,1,-1);
/*!40000 ALTER TABLE `a_order_book` ENABLE KEYS */;
UNLOCK TABLES;

--
-- Table structure for table `a_round`
--

DROP TABLE IF EXISTS `a_round`;
/*!40101 SET @saved_cs_client     = @@character_set_client */;
/*!40101 SET character_set_client = utf8 */;
CREATE TABLE `a_round` (
  `round_id` int(11) NOT NULL AUTO_INCREMENT,
  `name` varchar(255) NOT NULL DEFAULT '',
  PRIMARY KEY (`round_id`)
) ENGINE=InnoDB AUTO_INCREMENT=14 DEFAULT CHARSET=latin1;
/*!40101 SET character_set_client = @saved_cs_client */;

--
-- Dumping data for table `a_round`
--

LOCK TABLES `a_round` WRITE;
/*!40000 ALTER TABLE `a_round` DISABLE KEYS */;
INSERT INTO `a_round` VALUES (1,'Concept/Idea'),(2,'Prototype'),(3,'Family & Friends Round'),(4,'Accredited Investor Round'),(5,'Angel Round'),(6,'Seed Round'),(7,'Series A'),(8,'Series B'),(9,'Series C'),(10,'Series D'),(11,'IPO'),(12,'Publicly Traded'),(13,'Taken Private');
/*!40000 ALTER TABLE `a_round` ENABLE KEYS */;
UNLOCK TABLES;

--
-- Table structure for table `a_sale`
--

DROP TABLE IF EXISTS `a_sale`;
/*!40101 SET @saved_cs_client     = @@character_set_client */;
/*!40101 SET character_set_client = utf8 */;
CREATE TABLE `a_sale` (
  `sale_id` int(11) NOT NULL AUTO_INCREMENT,
  `company_id` int(11) NOT NULL,
  `name` varchar(255) NOT NULL DEFAULT '',
  `quantity_available` int(11) DEFAULT NULL,
  `pps` double NOT NULL DEFAULT '0',
  PRIMARY KEY (`sale_id`)
) ENGINE=InnoDB DEFAULT CHARSET=utf8;
/*!40101 SET character_set_client = @saved_cs_client */;

--
-- Dumping data for table `a_sale`
--

LOCK TABLES `a_sale` WRITE;
/*!40000 ALTER TABLE `a_sale` DISABLE KEYS */;
/*!40000 ALTER TABLE `a_sale` ENABLE KEYS */;
UNLOCK TABLES;

--
-- Table structure for table `a_transaction`
--

DROP TABLE IF EXISTS `a_transaction`;
/*!40101 SET @saved_cs_client     = @@character_set_client */;
/*!40101 SET character_set_client = utf8 */;
CREATE TABLE `a_transaction` (
  `transaction_id` int(11) NOT NULL AUTO_INCREMENT,
  `company_id` int(11) NOT NULL,
  `user_id` int(11) NOT NULL,
  `journal_note` varchar(255) NOT NULL DEFAULT '',
  `close_date` timestamp NOT NULL DEFAULT CURRENT_TIMESTAMP ON UPDATE CURRENT_TIMESTAMP,
  `created` timestamp NOT NULL DEFAULT '0000-00-00 00:00:00',
  PRIMARY KEY (`transaction_id`)
) ENGINE=InnoDB DEFAULT CHARSET=latin1;
/*!40101 SET character_set_client = @saved_cs_client */;

--
-- Dumping data for table `a_transaction`
--

LOCK TABLES `a_transaction` WRITE;
/*!40000 ALTER TABLE `a_transaction` DISABLE KEYS */;
/*!40000 ALTER TABLE `a_transaction` ENABLE KEYS */;
UNLOCK TABLES;

--
-- Table structure for table `a_transaction_entry`
--

DROP TABLE IF EXISTS `a_transaction_entry`;
/*!40101 SET @saved_cs_client     = @@character_set_client */;
/*!40101 SET character_set_client = utf8 */;
CREATE TABLE `a_transaction_entry` (
  `transaction_entry_id` int(11) NOT NULL AUTO_INCREMENT,
  `transaction_id` int(11) NOT NULL,
  `debit` int(11) NOT NULL,
  `account_id` int(11) NOT NULL,
  `note_id` int(11) NOT NULL DEFAULT '0',
  `amt` int(11) NOT NULL,
  `created` timestamp NOT NULL DEFAULT CURRENT_TIMESTAMP,
  PRIMARY KEY (`transaction_entry_id`)
) ENGINE=InnoDB DEFAULT CHARSET=latin1;
/*!40101 SET character_set_client = @saved_cs_client */;

--
-- Dumping data for table `a_transaction_entry`
--

LOCK TABLES `a_transaction_entry` WRITE;
/*!40000 ALTER TABLE `a_transaction_entry` DISABLE KEYS */;
/*!40000 ALTER TABLE `a_transaction_entry` ENABLE KEYS */;
UNLOCK TABLES;

--
-- Table structure for table `a_ucat_rel`
--

DROP TABLE IF EXISTS `a_ucat_rel`;
/*!40101 SET @saved_cs_client     = @@character_set_client */;
/*!40101 SET character_set_client = utf8 */;
CREATE TABLE `a_ucat_rel` (
  `ucat_rel_id` int(11) NOT NULL AUTO_INCREMENT,
  `user_id` int(11) unsigned NOT NULL DEFAULT '0',
  `company_id` int(11) unsigned NOT NULL DEFAULT '0',
  `created` timestamp NOT NULL DEFAULT CURRENT_TIMESTAMP ON UPDATE CURRENT_TIMESTAMP,
  `summary` text NOT NULL,
  `usertype_id` int(11) DEFAULT NULL,
  PRIMARY KEY (`ucat_rel_id`)
) ENGINE=InnoDB AUTO_INCREMENT=298 DEFAULT CHARSET=latin1;
/*!40101 SET character_set_client = @saved_cs_client */;

--
-- Dumping data for table `a_ucat_rel`
--

LOCK TABLES `a_ucat_rel` WRITE;
/*!40000 ALTER TABLE `a_ucat_rel` DISABLE KEYS */;
INSERT INTO `a_ucat_rel` VALUES (1,1,1,'2015-06-24 19:55:02','',0),(2,2,2,'2015-06-25 18:41:11','',0),(3,3,3,'2015-06-25 19:02:43','My role is to help this company out with its mini-ipo.',2),(4,4,3,'2015-06-26 17:09:27','',1),(5,5,2,'2015-06-26 17:21:54','',1),(6,6,3,'2015-06-26 18:30:50','',3),(7,7,2,'2015-06-26 20:40:17','',4),(8,8,2,'2015-06-27 00:19:48','',1),(9,10,3,'2015-06-27 02:21:17','',3),(12,18,4,'2015-06-30 19:46:43','',0),(13,19,5,'2015-06-30 20:08:02','',0),(17,24,10,'2015-07-02 02:53:10','',0),(18,25,11,'2015-07-02 03:11:59','',0),(19,1,12,'2015-07-02 17:01:11','',100),(20,1,13,'2015-07-02 17:09:36','',100),(21,1,14,'2015-07-02 17:52:14','',100),(22,1,15,'2015-07-02 17:58:51','',100),(23,1,16,'2015-07-02 18:03:40','',100),(24,1,17,'2015-07-02 18:18:49','',100),(25,1,18,'2015-07-02 18:30:39','',100),(26,1,19,'2015-07-02 18:37:37','',100),(27,1,20,'2015-07-02 18:41:44','',100),(28,1,21,'2015-07-02 18:52:25','',100),(29,1,22,'2015-07-02 18:56:29','',100),(30,1,23,'2015-07-02 19:21:53','',100),(31,1,24,'2015-07-02 19:25:41','',100),(32,1,25,'2015-07-02 19:28:08','',100),(33,1,26,'2015-07-02 19:31:04','',100),(34,1,27,'2015-07-02 19:38:25','',100),(35,1,28,'2015-07-02 19:40:58','',100),(36,1,29,'2015-07-02 19:47:55','',100),(37,1,30,'2015-07-02 20:37:36','',100),(38,1,31,'2015-07-02 20:46:46','',100),(39,1,32,'2015-07-02 20:49:16','',100),(40,1,33,'2015-07-02 20:51:46','',100),(41,1,34,'2015-07-02 20:53:36','',100),(42,1,35,'2015-07-02 21:59:24','',100),(43,1,36,'2015-07-02 22:02:20','',100),(44,28,37,'2015-07-02 22:15:17','',0),(45,29,38,'2015-07-02 22:27:33','',0),(46,30,39,'2015-07-02 22:28:14','',0),(47,31,40,'2015-07-02 22:29:30','',0),(48,1,41,'2015-07-03 00:20:26','',100),(49,1,42,'2015-07-03 00:26:48','',100),(50,1,43,'2015-07-03 00:29:31','',100),(51,1,44,'2015-07-03 00:32:10','',100),(52,1,45,'2015-07-03 00:57:39','',100),(53,1,46,'2015-07-04 17:17:12','',100),(54,1,47,'2015-07-04 17:22:57','',100),(55,1,48,'2015-07-04 17:25:36','',100),(56,1,49,'2015-07-04 17:28:59','',100),(57,1,50,'2015-07-04 17:36:15','',100),(58,1,51,'2015-07-04 17:40:29','',100),(59,1,52,'2015-07-04 17:48:34','',100),(60,1,53,'2015-07-04 17:57:28','',100),(61,1,54,'2015-07-04 18:00:23','',100),(62,34,108,'2015-07-06 19:37:26','',0),(63,1,109,'2015-07-06 20:11:50','',100),(64,1,110,'2015-07-06 20:11:50','',100),(65,1,111,'2015-07-06 20:11:51','',100),(66,1,112,'2015-07-06 20:11:51','',100),(67,1,113,'2015-07-06 20:11:52','',100),(68,1,114,'2015-07-06 20:11:53','',100),(70,1,116,'2015-07-06 21:51:03','',100),(71,1,117,'2015-07-06 21:51:04','',100),(72,1,118,'2015-07-06 21:51:04','',100),(73,1,119,'2015-07-06 21:51:05','',100),(74,1,120,'2015-07-06 21:51:06','',100),(75,1,121,'2015-07-06 21:51:06','',100),(76,1,122,'2015-07-06 21:51:07','',100),(77,1,123,'2015-07-06 21:51:08','',100),(78,1,124,'2015-07-06 21:51:08','',100),(79,36,125,'2015-07-07 22:15:21','',0),(80,1,126,'2015-07-08 00:51:58','',100),(81,1,127,'2015-07-08 00:51:58','',100),(82,1,128,'2015-07-08 00:51:59','',100),(83,1,129,'2015-07-08 00:52:00','',100),(84,1,130,'2015-07-08 00:52:01','',100),(85,1,131,'2015-07-08 00:52:03','',100),(86,1,132,'2015-07-08 00:52:03','',100),(87,1,133,'2015-07-08 00:52:04','',100),(88,1,134,'2015-07-08 00:52:04','',100),(89,1,135,'2015-07-08 20:58:46','',100),(90,1,136,'2015-07-08 20:58:46','',100),(91,1,137,'2015-07-08 20:58:47','',100),(92,1,138,'2015-07-08 20:58:47','',100),(93,1,139,'2015-07-08 20:58:48','',100),(94,1,140,'2015-07-08 20:58:48','',100),(95,1,141,'2015-07-08 20:58:49','',100),(96,1,142,'2015-07-08 20:58:49','',100),(97,1,143,'2015-07-08 20:58:50','',100),(98,1,144,'2015-07-08 20:58:51','',100),(99,1,145,'2015-07-08 20:58:51','',100),(100,1,146,'2015-07-08 20:58:52','',100),(101,1,147,'2015-07-08 20:58:52','',100),(102,1,148,'2015-07-08 20:58:53','',100),(103,1,149,'2015-07-08 20:58:54','',100),(104,1,150,'2015-07-08 20:58:55','',100),(105,1,151,'2015-07-08 20:58:55','',100),(106,1,152,'2015-07-08 20:58:56','',100),(107,1,153,'2015-07-08 20:58:56','',100),(108,1,154,'2015-07-08 20:58:57','',100),(109,1,155,'2015-07-08 20:58:57','',100),(110,1,156,'2015-07-08 20:58:58','',100),(111,1,157,'2015-07-08 20:58:58','',100),(112,1,158,'2015-07-08 20:58:59','',100),(113,1,159,'2015-07-10 02:16:10','',100),(114,1,160,'2015-07-10 02:16:10','',100),(115,1,161,'2015-07-10 02:16:11','',100),(116,1,162,'2015-07-10 02:16:11','',100),(117,1,163,'2015-07-10 02:16:12','',100),(118,1,164,'2015-07-10 02:16:13','',100),(119,1,165,'2015-07-10 02:16:13','',100),(120,1,166,'2015-07-10 02:16:14','',100),(121,1,167,'2015-07-10 02:16:14','',100),(122,1,168,'2015-07-10 02:16:15','',100),(123,1,169,'2015-07-10 02:16:15','',100),(124,1,170,'2015-07-10 02:16:16','',100),(125,1,171,'2015-07-10 02:16:16','',100),(126,1,172,'2015-07-10 02:16:17','',100),(127,1,173,'2015-07-10 02:16:17','',100),(128,1,174,'2015-07-10 02:16:18','',100),(129,1,175,'2015-07-10 02:16:18','',100),(130,1,176,'2015-07-10 02:16:19','',100),(131,1,177,'2015-07-10 02:16:19','',100),(132,1,178,'2015-07-10 02:16:20','',100),(133,1,179,'2015-07-10 02:16:20','',100),(134,1,180,'2015-07-10 02:16:21','',100),(135,1,181,'2015-07-10 02:16:21','',100),(136,1,182,'2015-07-13 20:24:22','',100),(137,1,183,'2015-07-13 20:24:23','',100),(138,1,184,'2015-07-13 20:24:24','',100),(139,1,185,'2015-07-13 20:24:24','',100),(140,1,186,'2015-07-13 20:24:25','',100),(141,1,187,'2015-07-13 20:24:25','',100),(142,1,188,'2015-07-13 20:24:26','',100),(143,1,189,'2015-07-13 20:24:26','',100),(144,1,190,'2015-07-13 20:24:26','',100),(145,1,191,'2015-07-13 20:24:27','',100),(146,1,192,'2015-07-13 20:24:27','',100),(147,1,193,'2015-07-13 20:24:28','',100),(148,1,194,'2015-07-13 20:24:28','',100),(149,1,195,'2015-07-13 20:24:29','',100),(150,1,196,'2015-07-13 20:24:29','',100),(151,1,197,'2015-07-13 20:24:29','',100),(152,1,198,'2015-07-13 20:24:30','',100),(153,1,199,'2015-07-13 20:24:30','',100),(154,1,200,'2015-07-13 20:24:31','',100),(155,1,201,'2015-07-13 20:24:31','',100),(156,1,202,'2015-07-13 20:24:32','',100),(157,1,203,'2015-07-13 20:24:32','',100),(158,1,204,'2015-07-13 20:24:33','',100),(159,1,205,'2015-07-13 20:24:33','',100),(160,1,206,'2015-07-13 20:24:33','',100),(161,1,207,'2015-07-13 20:24:34','',100),(162,1,208,'2015-07-13 20:24:34','',100),(163,1,209,'2015-07-13 20:24:35','',100),(164,1,210,'2015-07-13 20:24:35','',100),(165,1,211,'2015-07-13 20:24:36','',100),(166,1,212,'2015-07-15 00:15:52','',100),(167,1,213,'2015-07-15 00:15:53','',100),(168,1,214,'2015-07-15 00:15:54','',100),(169,1,215,'2015-07-15 00:15:54','',100),(170,1,216,'2015-07-15 00:15:55','',100),(171,1,217,'2015-07-15 00:15:55','',100),(172,1,218,'2015-07-15 00:15:56','',100),(173,1,219,'2015-07-15 00:15:56','',100),(174,1,220,'2015-07-15 00:15:57','',100),(175,1,221,'2015-07-15 00:15:57','',100),(176,1,222,'2015-07-15 00:15:58','',100),(177,1,223,'2015-07-15 00:15:59','',100),(178,1,224,'2015-07-15 00:15:59','',100),(179,1,225,'2015-07-15 00:15:59','',100),(180,1,226,'2015-07-15 00:16:00','',100),(181,1,227,'2015-07-15 00:16:00','',100),(182,1,228,'2015-07-15 00:16:01','',100),(183,1,229,'2015-07-15 00:16:01','',100),(184,1,230,'2015-07-15 00:16:02','',100),(185,1,231,'2015-07-15 00:16:02','',100),(186,1,232,'2015-07-15 00:16:03','',100),(187,1,233,'2015-07-15 00:16:03','',100),(188,1,234,'2015-07-15 00:16:04','',100),(189,1,235,'2015-07-15 00:16:04','',100),(190,1,236,'2015-07-15 00:16:05','',100),(191,1,237,'2015-07-15 00:16:05','',100),(192,1,238,'2015-07-15 00:16:06','',100),(193,1,239,'2015-07-15 00:16:06','',100),(194,1,240,'2015-07-15 00:16:06','',100),(195,1,241,'2015-07-15 00:16:07','',100),(196,1,242,'2015-07-15 00:16:07','',100),(197,1,243,'2015-07-15 00:16:08','',100),(198,1,244,'2015-07-16 20:52:38','',100),(199,1,245,'2015-07-16 20:52:38','',100),(200,1,246,'2015-07-16 20:52:39','',100),(201,1,247,'2015-07-16 20:52:40','',100),(202,1,248,'2015-07-16 20:52:40','',100),(203,1,249,'2015-07-16 20:52:41','',100),(204,1,250,'2015-07-16 20:52:41','',100),(205,1,251,'2015-07-16 20:52:42','',100),(206,1,252,'2015-07-16 20:52:42','',100),(207,1,253,'2015-07-16 20:52:43','',100),(208,1,254,'2015-07-17 04:02:27','',100),(209,1,255,'2015-07-17 04:02:29','',100),(210,1,256,'2015-07-17 04:02:30','',100),(211,1,257,'2015-07-17 04:02:31','',100),(212,1,258,'2015-07-17 04:02:32','',100),(213,1,259,'2015-07-17 04:02:33','',100),(214,1,260,'2015-07-17 04:02:34','',100),(215,1,261,'2015-07-17 04:02:35','',100),(216,1,262,'2015-07-17 04:02:36','',100),(217,1,263,'2015-07-18 01:19:14','',100),(218,1,264,'2015-07-18 01:19:14','',100),(219,1,265,'2015-07-18 01:19:15','',100),(220,1,266,'2015-07-18 01:19:15','',100),(221,1,267,'2015-07-18 01:19:16','',100),(222,1,268,'2015-07-18 01:19:17','',100),(223,1,269,'2015-07-18 01:19:18','',100),(224,1,270,'2015-07-18 01:19:19','',100),(225,1,271,'2015-07-18 01:19:20','',100),(226,1,272,'2015-07-18 01:19:20','',100),(227,1,273,'2015-07-18 01:19:21','',100),(228,1,274,'2015-07-18 01:19:22','',100),(229,1,275,'2015-07-18 03:29:44','',100),(230,1,276,'2015-07-18 03:29:44','',100),(231,1,277,'2015-07-18 03:29:45','',100),(232,1,278,'2015-07-18 03:29:45','',100),(233,1,279,'2015-07-23 02:52:19','',100),(234,1,280,'2015-07-23 02:52:19','',100),(235,1,281,'2015-07-23 02:52:20','',100),(236,1,282,'2015-07-23 02:52:21','',100),(237,1,283,'2015-07-23 02:52:21','',100),(238,1,284,'2015-07-23 02:52:22','',100),(239,1,285,'2015-07-23 02:52:22','',100),(240,1,286,'2015-07-23 02:52:23','',100),(241,1,287,'2015-07-23 02:52:23','',100),(242,1,288,'2015-07-23 02:52:24','',100),(243,1,289,'2015-07-23 02:52:24','',100),(244,1,290,'2015-07-23 02:52:25','',100),(245,1,291,'2015-07-23 02:52:25','',100),(246,1,292,'2015-07-23 02:52:26','',100),(247,1,293,'2015-07-23 02:52:26','',100),(248,1,294,'2015-07-23 02:52:27','',100),(249,1,295,'2015-07-23 02:52:27','',100),(250,1,296,'2015-07-23 02:52:28','',100),(251,1,297,'2015-07-23 02:52:28','',100),(252,1,298,'2015-07-23 02:52:29','',100),(253,1,299,'2015-07-23 02:52:29','',100),(254,1,300,'2015-07-23 02:52:30','',100),(255,1,301,'2015-07-23 02:52:31','',100),(256,1,302,'2015-07-23 02:52:31','',100),(257,1,303,'2015-07-23 02:52:32','',100),(258,1,304,'2015-07-23 03:02:01','',100),(259,1,305,'2015-07-23 03:02:02','',100),(260,1,306,'2015-07-23 03:02:02','',100),(261,1,307,'2015-07-23 03:02:03','',100),(262,1,308,'2015-07-23 03:02:03','',100),(263,1,309,'2015-07-23 03:02:04','',100),(264,1,310,'2015-07-23 03:02:05','',100),(265,1,311,'2015-07-23 03:02:05','',100),(266,1,312,'2015-07-23 03:02:06','',100),(267,1,313,'2015-07-23 03:02:06','',100),(268,1,314,'2015-07-23 03:02:08','',100),(269,1,315,'2015-07-23 03:02:08','',100),(270,1,316,'2015-07-23 03:02:09','',100),(271,1,317,'2015-07-27 02:56:44','',100),(272,1,318,'2015-07-27 02:56:46','',100),(273,1,319,'2015-07-27 02:56:46','',100),(274,1,320,'2015-07-27 02:56:47','',100),(275,1,321,'2015-07-27 02:56:50','',100),(276,1,322,'2015-07-27 02:56:52','',100),(277,1,323,'2015-07-27 02:56:54','',100),(278,1,324,'2015-07-27 02:56:57','',100),(279,1,325,'2015-07-27 02:56:59','',100),(280,1,326,'2015-07-27 02:57:02','',100),(281,1,327,'2015-07-27 02:57:04','',100),(282,1,328,'2015-07-27 02:57:07','',100),(283,1,329,'2015-07-27 02:57:09','',100),(284,1,330,'2015-07-27 02:57:11','',100),(285,1,331,'2015-07-27 02:57:14','',100),(286,1,332,'2015-07-27 02:57:16','',100),(287,1,333,'2015-07-27 02:57:18','',100),(288,1,334,'2015-07-27 02:57:20','',100),(289,1,335,'2015-07-27 02:57:21','',100),(290,1,336,'2015-07-27 02:57:23','',100),(291,1,337,'2015-07-27 02:57:25','',100),(292,1,338,'2015-07-27 02:57:25','',100),(293,1,339,'2015-07-27 02:57:26','',100),(294,1,340,'2015-07-27 02:57:27','',100),(295,1,341,'2015-07-27 02:57:27','',100),(296,1,342,'2015-07-27 02:57:28','',100),(297,1,343,'2015-07-27 02:57:28','',100);
/*!40000 ALTER TABLE `a_ucat_rel` ENABLE KEYS */;
UNLOCK TABLES;

--
-- Table structure for table `a_user`
--

DROP TABLE IF EXISTS `a_user`;
/*!40101 SET @saved_cs_client     = @@character_set_client */;
/*!40101 SET character_set_client = utf8 */;
CREATE TABLE `a_user` (
  `user_id` int(11) NOT NULL AUTO_INCREMENT,
  `firstname` varchar(255) NOT NULL DEFAULT '',
  `middlename` varchar(255) NOT NULL DEFAULT '',
  `lastname` varchar(255) NOT NULL DEFAULT '',
  `email` varchar(255) NOT NULL DEFAULT '',
  `password` varchar(255) NOT NULL DEFAULT '',
  `image_url` varchar(255) NOT NULL DEFAULT '',
  `work_phone` varchar(255) NOT NULL DEFAULT '',
  `cell_phone` varchar(255) NOT NULL DEFAULT '',
  `home_phone` varchar(255) NOT NULL DEFAULT '',
  `created` timestamp NOT NULL DEFAULT CURRENT_TIMESTAMP,
  `birthdate` timestamp NOT NULL DEFAULT '0000-00-00 00:00:00',
  `demo` int(11) unsigned NOT NULL DEFAULT '1',
  `active` int(11) unsigned NOT NULL DEFAULT '1',
  `default_company_id` int(11) NOT NULL DEFAULT '-1',
  `default_investor_type` varchar(255) NOT NULL DEFAULT '',
  `default_usertype_id` int(11) NOT NULL,
  PRIMARY KEY (`user_id`)
) ENGINE=InnoDB AUTO_INCREMENT=40 DEFAULT CHARSET=utf8;
/*!40101 SET character_set_client = @saved_cs_client */;

--
-- Dumping data for table `a_user`
--

LOCK TABLES `a_user` WRITE;
/*!40000 ALTER TABLE `a_user` DISABLE KEYS */;
INSERT INTO `a_user` VALUES (1,'Jon','','Toews','001','dc5c7986daef50c1e02ab09b442ee34f','','  ','','  ','2015-06-24 19:55:02','0000-00-00 00:00:00',0,1,1,'',100),(2,'Jonathan','','Toews','jtoews32@gmail.com','e0135ffa004ede2f7fb22482ccb2b9e2','','','','','2015-06-25 18:41:11','0000-00-00 00:00:00',0,1,2,'',2),(3,'Jonathan','','Toews','toewsjons@lycos.com','e0135ffa004ede2f7fb22482ccb2b9e2','','  ','','  ','2015-06-25 19:01:39','0000-00-00 00:00:00',0,1,3,'',2),(4,'Mark','','Cain','11','6512bd43d9caa6e02c990b0a82652dca','','','','','2015-06-26 17:09:26','0000-00-00 00:00:00',0,1,3,'',1),(5,'Clint','','Eastwood','33','182be0c5cdcd5072bb1864cdee4d3d6e','','','','','2015-06-26 17:21:52','0000-00-00 00:00:00',0,1,2,'',1),(6,'Marky','','Walberg','89898','b66dc44cd9882859d84670604ae276e6','','','','','2015-06-26 18:30:50','0000-00-00 00:00:00',0,1,3,'',3),(7,'Wilson','','Van dire','mm','b3cd915d758008bd19d0f2428fbb354a','','','','','2015-06-26 20:40:17','0000-00-00 00:00:00',0,1,2,'',4),(8,'Marvin','','Low','bbv','029c2aa336dcc9c402e693086e5fb0ca','','','','','2015-06-27 00:19:48','0000-00-00 00:00:00',0,1,2,'',1),(9,'Jon','','Toews','nnn','a1931ec126bbad3fa7a3fc64209fd921','','','','','2015-06-27 02:00:11','0000-00-00 00:00:00',0,1,-1,'nonaccedited',1),(10,'Jon','','Mark','ddfdf','ae27a4b4821b13cad2a17a75d219853e','','','','','2015-06-27 02:21:17','0000-00-00 00:00:00',0,1,3,'',3),(11,'Mark','','Adams','jkjk','51aca628cbc7bb656eebc7aace9d98a1','','','','','2015-06-30 03:38:14','0000-00-00 00:00:00',0,1,-1,'accredited',1),(12,'Mark','','Wilson','hhj','a2f224e6304d37c95a783933207d71f2','','','','','2015-06-30 04:09:31','0000-00-00 00:00:00',0,1,-1,'accredited',1),(13,'Mark','','Nutter','lkj','48e2e79fec9bc01d9a00e0a8fa68b289','','','','','2015-06-30 17:18:43','0000-00-00 00:00:00',0,1,-1,'',4),(14,'Mark','','Lunatic','asdf','912ec803b2ce49e4a541068d495ab570','','','','','2015-06-30 19:10:49','0000-00-00 00:00:00',0,1,-1,'accredited',1),(15,'Mark','','Lewis','zxcv','fd2cc6c54239c40495a0d3a93b6380eb','','','','','2015-06-30 19:23:53','0000-00-00 00:00:00',0,1,-1,'accredited',1),(16,'Mark','','Walber','zx','e6c760b3216a51c656c5861d72d5bf62','','','','','2015-06-30 19:27:09','0000-00-00 00:00:00',0,1,-1,'accredited',1),(17,'Rails','','Doonberg','qwe','76d80224611fc919a5d54f0ff9fba446','','','','','2015-06-30 19:44:10','0000-00-00 00:00:00',0,1,-1,'accredited',1),(18,'Wilson','','Myer','mnb','62cd43b670f7e4ec902b5c7acb4d33d5','','','','','2015-06-30 19:46:38','0000-00-00 00:00:00',0,1,4,'',0),(19,'Richard','','Werbe','rich','e7f4f8bd246c235418280d1f124e14f0','','','','','2015-06-30 20:08:02','0000-00-00 00:00:00',0,1,5,'',0),(20,'Mark','','Li','hg','40fe9ad4949331a12f5f19b477133924','','','','','2015-07-01 01:52:25','0000-00-00 00:00:00',0,1,-1,'nonaccedited',1),(21,'Jon','','Mark','cvcv','4d9c871fdaa02e3bf4942d1a5f4f9f73','','','','','2015-07-02 00:35:31','0000-00-00 00:00:00',0,1,-1,'',3),(22,'Wilson','','Dicmire','123','202cb962ac59075b964b07152d234b70','','','','','2015-07-02 00:55:50','0000-00-00 00:00:00',0,1,-1,'accredited',1),(23,'Matt','','Howee','sdsd','cc2bd8f09bb88b5dd20f9b432631b8ca','','','','','2015-07-02 01:08:16','0000-00-00 00:00:00',0,1,-1,'',4),(24,'Mark','','Silverstein','qp','8266bb21c655c9dc496209b9f8bac19a','','','','','2015-07-02 02:53:10','0000-00-00 00:00:00',0,1,10,'',0),(25,'Mark','','Williams','ty','36f3af6226e0b5303e19b824e7442272','','','','','2015-07-02 03:11:59','0000-00-00 00:00:00',0,1,11,'',0),(26,'Max','','Weber','pl','288404204e3d452229308317344a285d','','','','','2015-07-02 22:13:12','0000-00-00 00:00:00',0,1,-1,'accredited',1),(27,'Wilson','','Hedges','456','250cf8b51c773f3f8dc8b4be867a9a02','','','','','2015-07-02 22:14:05','0000-00-00 00:00:00',0,1,-1,'',4),(28,'Wilson','','Etler','zm','d9c2967765305ff512a5ab979ed1f7a0','','','','','2015-07-02 22:15:17','0000-00-00 00:00:00',0,1,37,'',0),(29,'Mike','','Hig','pz','6d2cb9e726c9fac0fb36afc377be3aec','','','','','2015-07-02 22:27:32','0000-00-00 00:00:00',0,1,38,'',0),(30,'Will','','C','bg','5523c88dd347d1b7cc617f632b7efdb7','','','','','2015-07-02 22:28:04','0000-00-00 00:00:00',0,1,39,'',0),(31,'Bbbb','','A','ppp','f27f6f1c7c5cbf4e3e192e0a47b85300','','','','','2015-07-02 22:29:30','0000-00-00 00:00:00',0,1,40,'',0),(32,'Wilson','','Mac','mac','140c1f12feeb2c52dfbeb2da6066a73a','','','','','2015-07-06 17:26:32','0000-00-00 00:00:00',0,1,106,'',0),(33,'wwill','','sshields','sol','12313a3d28f802e3a22b07d2e01c6dcf','','','','','2015-07-06 19:35:01','0000-00-00 00:00:00',0,1,107,'',0),(34,'Ben','','Harks','tee','a04ce4f25ad79ff8ba880390edfb1ab4','','','','','2015-07-06 19:37:26','0000-00-00 00:00:00',0,1,108,'',0),(35,'Mark','','Dier','nnb','477347c6ca6a6c12cf23edfd2e6df41a','','','','','2015-07-07 21:57:00','0000-00-00 00:00:00',0,1,-1,'accredited',1),(36,'wwill','','sshields','bnm','bd93b91d4a5e9a7a5fcd1fad5b9cb999','','','','','2015-07-07 22:15:21','0000-00-00 00:00:00',0,1,125,'',0),(38,'will','','shields','','','','','','','2015-09-28 05:31:35','0000-00-00 00:00:00',1,1,-1,'',0),(39,'will','','shields','','','','','','','2015-09-28 05:32:20','0000-00-00 00:00:00',1,1,-1,'',0);
/*!40000 ALTER TABLE `a_user` ENABLE KEYS */;
UNLOCK TABLES;

--
-- Table structure for table `a_user_equity`
--

DROP TABLE IF EXISTS `a_user_equity`;
/*!40101 SET @saved_cs_client     = @@character_set_client */;
/*!40101 SET character_set_client = utf8 */;
CREATE TABLE `a_user_equity` (
  `user_equity_id` int(11) NOT NULL AUTO_INCREMENT,
  `user_id` int(11) DEFAULT NULL,
  `company_id` int(11) DEFAULT NULL,
  `equity_type` varchar(255) NOT NULL DEFAULT '',
  `note_id` int(11) DEFAULT NULL,
  `price` double NOT NULL DEFAULT '0',
  `transaction_id` int(11) DEFAULT NULL,
  `created` timestamp NOT NULL DEFAULT CURRENT_TIMESTAMP,
  `grant_date` timestamp NOT NULL DEFAULT '0000-00-00 00:00:00',
  `contribution` varchar(255) NOT NULL DEFAULT '',
  `summary` text NOT NULL,
  `qnt` int(11) NOT NULL DEFAULT '0',
  `fair_value_at_grant` double NOT NULL DEFAULT '0',
  `vesting_period` int(11) NOT NULL DEFAULT '0',
  `vest_per_year` int(11) NOT NULL DEFAULT '0',
  `exchange_type` int(11) NOT NULL DEFAULT '0',
  PRIMARY KEY (`user_equity_id`)
) ENGINE=InnoDB AUTO_INCREMENT=6 DEFAULT CHARSET=utf8;
/*!40101 SET character_set_client = @saved_cs_client */;

--
-- Dumping data for table `a_user_equity`
--

LOCK TABLES `a_user_equity` WRITE;
/*!40000 ALTER TABLE `a_user_equity` DISABLE KEYS */;
INSERT INTO `a_user_equity` VALUES (1,1,2,'1',NULL,0,NULL,'2015-06-26 20:21:24','0000-00-00 00:00:00','','test',1000,0,0,0,0),(2,1,2,'0',NULL,0,NULL,'2015-06-26 20:29:58','0000-00-00 00:00:00','','Shares',1000,0,0,0,0),(3,1,2,'0',NULL,0,NULL,'2015-06-26 20:40:48','0000-00-00 00:00:00','','something',1000,0,0,0,0),(4,2,2,'1',NULL,0,NULL,'2015-06-26 21:12:14','0000-00-00 00:00:00','','10000',10000,0,0,0,0),(5,10,3,'1',NULL,0,NULL,'2015-06-27 02:21:33','0000-00-00 00:00:00','','test',1000,0,0,0,0);
/*!40000 ALTER TABLE `a_user_equity` ENABLE KEYS */;
UNLOCK TABLES;
/*!40103 SET TIME_ZONE=@OLD_TIME_ZONE */;

/*!40101 SET SQL_MODE=@OLD_SQL_MODE */;
/*!40014 SET FOREIGN_KEY_CHECKS=@OLD_FOREIGN_KEY_CHECKS */;
/*!40014 SET UNIQUE_CHECKS=@OLD_UNIQUE_CHECKS */;
/*!40101 SET CHARACTER_SET_CLIENT=@OLD_CHARACTER_SET_CLIENT */;
/*!40101 SET CHARACTER_SET_RESULTS=@OLD_CHARACTER_SET_RESULTS */;
/*!40101 SET COLLATION_CONNECTION=@OLD_COLLATION_CONNECTION */;
/*!40111 SET SQL_NOTES=@OLD_SQL_NOTES */;

-- Dump completed on 2015-09-27 23:12:41
